eventid,title,link,location,district,property_type,price_czk,layout,area_m2,timestamp
dfdc76594a82,Pronájem bytu 3+kk 64 m²,https://www.sreality.cz//detail/pronajem/byt/3+kk/praha-hrdlorezy-ceskobrodska/3001107020,"Českobrodská, Praha - Hrdlořezy",Hrdlořezy,For Rent,20500,3+kk,64,2025-05-28 15:06:14.943293
a290e5f2be13,Pronájem bytu 1+1 49 m²,https://www.sreality.cz//detail/pronajem/byt/1+1/praha-zizkov-jana-zelivskeho/3475456588,"Jana Želivského, Praha - Žižkov",Žižkov,For Rent,19500,1+1,49,2025-05-28 15:06:14.971577
63466d9b6d6d,Prodej bytu 2+kk 83 m²,https://www.sreality.cz//detail/prodej/byt/2+kk/praha-liben-zenklova/393786188,"Zenklova, Praha - Libeň",Libeň,For Sale,10908120,2+kk,83,2025-05-28 15:06:15.018575
2447ba30b044,Prodej bytu 2+kk 61 m²,https://www.sreality.cz//detail/prodej/byt/2+kk/praha-hrdlorezy-mezitratova/1242497612,"Mezitraťová, Praha - Hrdlořezy",Hrdlořezy,For Sale,10100000,2+kk,61,2025-05-28 15:06:15.082096
d5313c785e26,Prodej bytu 3+kk 68 m²,https://www.sreality.cz//detail/prodej/byt/3+kk/praha-praha-14-/404611660,Praha - Praha 14,Praha 14,For Sale,9149000,3+kk,68,2025-05-28 15:06:15.108095
5bb711ab6bf9,Prodej bytu 2+1 66 m²,https://www.sreality.cz//detail/prodej/byt/2+1/praha-horni-pocernice-markupova/1148760908,"Markupova, Praha - Horní Počernice",Horní Počernice,For Sale,6490000,2+1,66,2025-05-28 15:06:15.131161
1e9090a73e9e,Pronájem bytu 1+kk 29 m²,https://www.sreality.cz//detail/pronajem/byt/1+kk/praha-jinonice-kacirkova/422003276,"Kačírkova, Praha - Jinonice",Jinonice,For Rent,19000,1+kk,29,2025-05-28 15:06:15.152616
c5f3cb42adec,Prodej bytu 1+1 94 m²,https://www.sreality.cz//detail/prodej/byt/1+1/praha-liben-zenklova/2490938188,"Zenklova, Praha - Libeň",Libeň,For Sale,14407680,1+1,94,2025-05-28 15:06:15.181624
20f8765fe1f3,Pronájem bytu 2+kk 43 m²,https://www.sreality.cz//detail/pronajem/byt/2+kk/praha-petrovice-kurcatovova/897102668,"Kurčatovova, Praha - Petrovice",Petrovice,For Rent,18490,2+kk,43,2025-05-28 15:06:15.205611
0ba3e8d073d6,Pronájem bytu 2+kk 43 m²,https://www.sreality.cz//detail/pronajem/byt/2+kk/praha-letnany-ostravska/351552076,"Ostravská, Praha - Letňany",Letňany,For Rent,17000,2+kk,43,2025-05-28 15:06:15.229715
774a59a97cc4,Prodej bytu 2+kk 106 m²,https://www.sreality.cz//detail/prodej/byt/2+kk/praha-liben-zenklova/2776150860,"Zenklova, Praha - Libeň",Libeň,For Sale,14273880,2+kk,106,2025-05-28 15:06:15.256451
2cd24445a9cd,Prodej bytu 2+kk 89 m²,https://www.sreality.cz//detail/prodej/byt/2+kk/praha-liben-zenklova/443069260,"Zenklova, Praha - Libeň",Libeň,For Sale,11712000,2+kk,89,2025-05-28 15:06:15.277490
65a70f19b9cf,Prodej bytu 2+kk 62 m²,https://www.sreality.cz//detail/prodej/byt/2+kk/praha-strizkov-zaksinska/1711022668,"Zakšínská, Praha - Střížkov",Střížkov,For Sale,7600000,2+kk,62,2025-05-28 15:06:15.299415
b17a772dce18,Prodej bytu 3+1 76 m²,https://www.sreality.cz//detail/prodej/byt/3+1/praha-zabehlice-mecikova/4191965772,"Mečíková, Praha - Záběhlice",Záběhlice,For Sale,10490000,3+1,76,2025-05-28 15:06:15.319415
0c6aa438dd83,Pronájem bytu 3+1 97 m²,https://www.sreality.cz//detail/pronajem/byt/3+1/praha-nove-mesto-navratilova/217072204,"Navrátilova, Praha - Nové Město",Nové Město,For Rent,45000,3+1,97,2025-05-28 15:06:15.340417
01e5806473bc,Prodej bytu 2+kk 99 m²,https://www.sreality.cz//detail/prodej/byt/2+kk/praha-liben-zenklova/2322117452,"Zenklova, Praha - Libeň",Libeň,For Sale,13728720,2+kk,99,2025-05-28 15:06:15.386933
10a5178910ea,Pronájem bytu 2+kk 57 m²,https://www.sreality.cz//detail/pronajem/byt/2+kk/praha-vysocany-pod-harfou/946385740,"Pod Harfou, Praha - Vysočany",Vysočany,For Rent,23990,2+kk,57,2025-05-28 15:06:15.429940
ade0fc602a90,Prodej bytu 2+kk 59 m²,https://www.sreality.cz//detail/prodej/byt/2+kk/praha-vysocany-ke-klicovu/1292517964,"Ke Klíčovu, Praha - Vysočany",Vysočany,For Sale,9434000,2+kk,59,2025-05-28 15:06:15.454110
63438d62f996,Prodej bytu 3+kk 67 m²,https://www.sreality.cz//detail/prodej/byt/3+kk/praha-vysocany-ke-klicovu/4076499532,"Ke Klíčovu, Praha - Vysočany",Vysočany,For Sale,10850000,3+kk,67,2025-05-28 15:06:15.474108
bc3c88a04347,Prodej bytu 4+kk 118 m²,https://www.sreality.cz//detail/prodej/byt/4+kk/praha-vysocany-ke-klicovu/15364684,"Ke Klíčovu, Praha - Vysočany",Vysočany,For Sale,19290000,4+kk,118,2025-05-28 15:06:15.498107
6e4d4df3bf72,Prodej bytu 2+kk 53 m²,https://www.sreality.cz//detail/prodej/byt/2+kk/praha-vysocany-ke-klicovu/152728140,"Ke Klíčovu, Praha - Vysočany",Vysočany,For Sale,8690000,2+kk,53,2025-05-28 15:06:15.520109
65c9f222ab8c,Pronájem bytu 1+kk 15 m²,https://www.sreality.cz//detail/pronajem/byt/1+kk/praha-hlubocepy-geologicka/1183990348,"Geologická, Praha - Hlubočepy",Hlubočepy,For Rent,12100,1+kk,15,2025-05-28 15:06:17.706421
e3326f10b147,Prodej bytu 3+kk 94 m²,https://www.sreality.cz//detail/prodej/byt/3+kk/praha-praha-9-mezitratova/3378291276,"Mezitraťová, Praha - Praha 9",Praha 9,For Sale,15150000,3+kk,94,2025-05-28 15:06:17.725430
24eed5d5d361,Prodej bytu 3+kk 69 m²,https://www.sreality.cz//detail/prodej/byt/3+kk/praha-hrdlorezy-mezitratova/3322597964,"Mezitraťová, Praha - Hrdlořezy",Hrdlořezy,For Sale,11600000,3+kk,69,2025-05-28 15:06:17.744440
91f6baa73f66,Prodej bytu atypický 99 m²,https://www.sreality.cz//detail/prodej/byt/atypicky/praha-vrsovice-finska/3355587916,"Finská, Praha - Vršovice",Vršovice,For Sale,14000000,Prodej,99,2025-05-28 15:06:17.764356
7a10e49ebd80,Pronájem bytu 1+kk 46 m²,https://www.sreality.cz//detail/pronajem/byt/1+kk/praha-dejvice-lindleyova/2120790860,"Lindleyova, Praha - Dejvice",Dejvice,For Rent,19000,1+kk,46,2025-05-28 15:06:17.782259
704c49e939d6,Prodej bytu 6 pokojů a více 146 m²,https://www.sreality.cz//detail/prodej/byt/6-a-vice/praha-praha-/3779347020,Praha,,For Sale,15900000,6,146,2025-05-28 15:06:17.805253
05d38949ed37,Prodej bytu 1+kk 32 m²,https://www.sreality.cz//detail/prodej/byt/1+kk/praha-cakovice-marie-podvalove/44049740,"Marie Podvalové, Praha - Čakovice",Čakovice,For Sale,6011712,1+kk,32,2025-05-28 15:06:17.824358
0b156e8e7a68,Prodej bytu 3+kk 72 m²,https://www.sreality.cz//detail/prodej/byt/3+kk/praha-letnany-malkovskeho/1498677836,"Malkovského, Praha - Letňany",Letňany,For Sale,8230000,3+kk,72,2025-05-28 15:06:17.858055
ec88dff3b261,Pronájem bytu 2+1 80 m²,https://www.sreality.cz//detail/pronajem/byt/2+1/praha-vinohrady-vinohradska/1535882060,"Vinohradská, Praha - Vinohrady",Vinohrady,For Rent,23990,2+1,80,2025-05-28 15:06:17.877131
3fa440085d2d,Pronájem bytu 2+1 82 m²,https://www.sreality.cz//detail/pronajem/byt/2+1/praha-karlin-pernerova/854999628,"Pernerova, Praha - Karlín",Karlín,For Rent,25990,2+1,82,2025-05-28 15:06:17.897127
5a001b1fbdaf,Pronájem bytu 3+1 77 m²,https://www.sreality.cz//detail/pronajem/byt/3+1/praha-bohnice-katovicka/2410365516,"Katovická, Praha - Bohnice",Bohnice,For Rent,23490,3+1,77,2025-05-28 15:06:17.916054
3fa440085d2d,Pronájem bytu 2+1 82 m²,https://www.sreality.cz//detail/pronajem/byt/2+1/praha-karlin-pernerova/3515499084,"Pernerova, Praha - Karlín",Karlín,For Rent,25990,2+1,82,2025-05-28 15:06:17.937165
66b414223557,Prodej bytu 1+kk 23 m²,https://www.sreality.cz//detail/prodej/byt/1+kk/praha-strizkov-decinska/936911436,"Děčínská, Praha - Střížkov",Střížkov,For Sale,3900000,1+kk,23,2025-05-28 15:06:17.957790
dc98a8569d17,Pronájem bytu 4+kk 113 m²,https://www.sreality.cz//detail/pronajem/byt/4+kk/praha-liben-kvetinarska/2597016140,"Květinářská, Praha - Libeň",Libeň,For Rent,52000,4+kk,113,2025-05-28 15:06:17.976719
3d1c071991bf,Prodej bytu 1+kk 42 m²,https://www.sreality.cz//detail/prodej/byt/1+kk/praha-dolni-mecholupy-honzikova/1022120524,"Honzíkova, Praha - Dolní Měcholupy",Dolní Měcholupy,For Sale,7750000,1+kk,42,2025-05-28 15:06:17.997789
eb9c6aba3899,Prodej bytu 4+kk 82 m²,https://www.sreality.cz//detail/prodej/byt/4+kk/praha-hlubocepy-voskovcova/3608048204,"Voskovcova, Praha - Hlubočepy",Hlubočepy,For Sale,9850000,4+kk,82,2025-05-28 15:06:18.017792
275569f413d6,Prodej bytu 2+kk 55 m²,https://www.sreality.cz//detail/prodej/byt/2+kk/praha-kosire-hlavackova/1667660,"Hlaváčkova, Praha - Košíře",Košíře,For Sale,8990870,2+kk,55,2025-05-28 15:06:18.037771
3bd2e229a819,Prodej bytu 3+kk 70 m²,https://www.sreality.cz//detail/prodej/byt/3+kk/praha-cakovice-danielova/1963328076,"Danielova, Praha - Čakovice",Čakovice,For Sale,10211858,3+kk,70,2025-05-28 15:06:18.058282
df8444e28509,Prodej bytu 3+kk 73 m²,https://www.sreality.cz//detail/prodej/byt/3+kk/praha-cakovice-danielova/3842376268,"Danielova, Praha - Čakovice",Čakovice,For Sale,10123561,3+kk,73,2025-05-28 15:06:18.076384
b3aab2c14b0f,Prodej bytu 1+kk 30 m²,https://www.sreality.cz//detail/prodej/byt/1+kk/praha-kosire-hlavackova/2058814028,"Hlaváčkova, Praha - Košíře",Košíře,For Sale,5843355,1+kk,30,2025-05-28 15:06:18.097352
39af048318d6,Prodej bytu 1+kk 26 m²,https://www.sreality.cz//detail/prodej/byt/1+kk/praha-kosire-prachnerova/193528396,"Prachnerova, Praha - Košíře",Košíře,For Sale,5392116,1+kk,26,2025-05-28 15:06:18.117315
b3aab2c14b0f,Prodej bytu 1+kk 30 m²,https://www.sreality.cz//detail/prodej/byt/1+kk/praha-kosire-hlavackova/2058814028,"Hlaváčkova, Praha - Košíře",Košíře,For Sale,5843355,1+kk,30,2025-05-28 15:06:20.276836
39af048318d6,Prodej bytu 1+kk 26 m²,https://www.sreality.cz//detail/prodej/byt/1+kk/praha-kosire-prachnerova/193528396,"Prachnerova, Praha - Košíře",Košíře,For Sale,5392116,1+kk,26,2025-05-28 15:06:20.298838
e26cbaece3d2,Prodej bytu 4+kk 96 m²,https://www.sreality.cz//detail/prodej/byt/4+kk/praha-krc-pod-visnovkou/3281003084,"Pod Višňovkou, Praha - Krč",Krč,For Sale,11390000,4+kk,96,2025-05-28 15:06:20.317867
37d75e467338,Prodej bytu 2+kk 43 m²,https://www.sreality.cz//detail/prodej/byt/2+kk/praha-cakovice-danielova/4024951372,"Danielova, Praha - Čakovice",Čakovice,For Sale,8099224,2+kk,43,2025-05-28 15:06:20.336840
3bd2e229a819,Prodej bytu 3+kk 70 m²,https://www.sreality.cz//detail/prodej/byt/3+kk/praha-cakovice-danielova/4228440652,"Danielova, Praha - Čakovice",Čakovice,For Sale,10394388,3+kk,70,2025-05-28 15:06:20.354349
76bcac4a00eb,Prodej bytu 2+kk 45 m²,https://www.sreality.cz//detail/prodej/byt/2+kk/praha-hlubocepy-v-remizku/2495329100,"V Remízku, Praha - Hlubočepy",Hlubočepy,For Sale,4990000,2+kk,45,2025-05-28 15:06:20.375350
5aeeda85d4a2,Prodej bytu 2+kk 55 m²,https://www.sreality.cz//detail/prodej/byt/2+kk/praha-liben-u-posty/3537175116,"U pošty, Praha - Libeň",Libeň,For Sale,10200000,2+kk,55,2025-05-28 15:06:20.394349
290d9a93647e,Pronájem bytu 1+kk 27 m²,https://www.sreality.cz//detail/pronajem/byt/1+kk/praha-brevnov-na-vetrniku/2724770636,"Na Větrníku, Praha - Břevnov",Břevnov,For Rent,15323,1+kk,27,2025-05-28 15:06:20.413348
6c2557e33d50,Prodej bytu 3+kk 100 m²,https://www.sreality.cz//detail/prodej/byt/3+kk/praha-radlice-u-komina/2883068492,"U Komína, Praha - Radlice",Radlice,For Sale,21250000,3+kk,100,2025-05-28 15:06:20.432348
f8e7fa8c4bde,Pronájem bytu 2+1 45 m²,https://www.sreality.cz//detail/pronajem/byt/2+1/praha-nusle-u-ctyr-domu/211046988,"U čtyř domů, Praha - Nusle",Nusle,For Rent,14000,2+1,45,2025-05-28 15:06:20.451861
c80aa6b60b3b,Pronájem bytu 3+1 80 m²,https://www.sreality.cz//detail/pronajem/byt/3+1/praha-liben-krejciho/1080603468,"Krejčího, Praha - Libeň",Libeň,For Rent,25000,3+1,80,2025-05-28 15:06:20.468861
4a17da4c2e36,Pronájem bytu 1+kk 35 m²,https://www.sreality.cz//detail/pronajem/byt/1+kk/praha-uhrineves-jindricha-bubenicka/2422780748,"Jindřicha Bubeníčka, Praha - Uhříněves",Uhříněves,For Rent,13400,1+kk,35,2025-05-28 15:06:20.487861
abf04e3eb44c,Pronájem bytu 3+kk 65 m²,https://www.sreality.cz//detail/pronajem/byt/3+kk/praha-veleslavin-janouskova/323174988,"Janouškova, Praha - Veleslavín",Veleslavín,For Rent,30000,3+kk,65,2025-05-28 15:06:20.507872
a89c4fc4b863,Prodej bytu 4+kk 66 m²,https://www.sreality.cz//detail/prodej/byt/4+kk/praha-hostivar-chudenicka/1360151116,"Chudenická, Praha - Hostivař",Hostivař,For Sale,9490000,4+kk,66,2025-05-28 15:06:20.526562
5995ad0bc6b6,Pronájem bytu 3+1 71 m²,https://www.sreality.cz//detail/pronajem/byt/3+1/praha-letnany-kuzelova/375960396,"Kuželova, Praha - Letňany",Letňany,For Rent,28000,3+1,71,2025-05-28 15:06:20.545555
180c57301336,Pronájem bytu 3+kk 76 m²,https://www.sreality.cz//detail/pronajem/byt/3+kk/praha-branik-novodvorska/3204997708,"Novodvorská, Praha - Braník",Braník,For Rent,25000,3+kk,76,2025-05-28 15:06:20.564080
7d78850a9040,Prodej bytu 1+kk 26 m²,https://www.sreality.cz//detail/prodej/byt/1+kk/praha-kbely-/283911500,Praha - Kbely,Kbely,For Sale,4600000,1+kk,26,2025-05-28 15:06:20.582590
76f052084f6c,Prodej bytu 2+kk 42 m²,https://www.sreality.cz//detail/prodej/byt/2+kk/praha-praha-9-/2909939020,Praha - Praha 9,Praha 9,For Sale,6500000,2+kk,42,2025-05-28 15:06:20.600596
76f052084f6c,Prodej bytu 2+kk 42 m²,https://www.sreality.cz//detail/prodej/byt/2+kk/praha-praha-9-/1822303564,Praha - Praha 9,Praha 9,For Sale,6400000,2+kk,42,2025-05-28 15:06:20.619590
7d78850a9040,Prodej bytu 1+kk 26 m²,https://www.sreality.cz//detail/prodej/byt/1+kk/praha-kbely-/527574348,Praha - Kbely,Kbely,For Sale,4700000,1+kk,26,2025-05-28 15:06:20.638620
035b78510b43,Pronájem bytu 3+1 89 m²,https://www.sreality.cz//detail/pronajem/byt/3+1/praha-nove-mesto-sokolska/3346530892,"Sokolská, Praha - Nové Město",Nové Město,For Rent,32000,3+1,89,2025-05-28 15:06:20.657799
8156bed9eb76,Prodej bytu 1+kk 39 m²,https://www.sreality.cz//detail/prodej/byt/1+kk/praha-letnany-miroslava-hajna/3133526604,"Miroslava Hajna, Praha - Letňany",Letňany,For Sale,5990000,1+kk,39,2025-05-28 15:06:22.810180
3c8495b2aba5,Prodej bytu 3+kk 78 m²,https://www.sreality.cz//detail/prodej/byt/3+kk/praha-karlin-sokolovska/4039008844,"Sokolovská, Praha - Karlín",Karlín,For Sale,12300000,3+kk,78,2025-05-28 15:06:22.829173
41d454c45e28,Prodej bytu 3+kk 74 m²,https://www.sreality.cz//detail/prodej/byt/3+kk/praha-vrsovice-belocerkevska/3135525452,"Bělocerkevská, Praha - Vršovice",Vršovice,For Sale,10900000,3+kk,74,2025-05-28 15:06:22.846177
ba1d5a332c31,Prodej bytu 3+kk 59 m²,https://www.sreality.cz//detail/prodej/byt/3+kk/praha-bohnice-cafourkova/794706508,"Cafourkova, Praha - Bohnice",Bohnice,For Sale,7100000,3+kk,59,2025-05-28 15:06:22.865377
1607b193c6e6,Pronájem bytu 3+kk 92 m²,https://www.sreality.cz//detail/pronajem/byt/3+kk/praha-stodulky-mukarovskeho/3329126988,"Mukařovského, Praha - Stodůlky",Stodůlky,For Rent,37900,3+kk,92,2025-05-28 15:06:22.885364
c46cf8184971,Pronájem bytu 1+kk 30 m²,https://www.sreality.cz//detail/pronajem/byt/1+kk/praha-stodulky-mukarovskeho/2248827468,"Mukařovského, Praha - Stodůlky",Stodůlky,For Rent,17900,1+kk,30,2025-05-28 15:06:22.904357
de9a73eca7f6,Pronájem bytu 1+kk 29 m²,https://www.sreality.cz//detail/pronajem/byt/1+kk/praha-stodulky-mukarovskeho/2198495820,"Mukařovského, Praha - Stodůlky",Stodůlky,For Rent,19900,1+kk,29,2025-05-28 15:06:22.925372
148ae12de6d0,Prodej bytu 2+kk 48 m²,https://www.sreality.cz//detail/prodej/byt/2+kk/praha-krc-u-novych-domu-iii/1702474572,"U nových domů III, Praha - Krč",Krč,For Sale,6750000,2+kk,48,2025-05-28 15:06:22.943359
17df89a019ca,Prodej bytu 2+kk 41 m²,https://www.sreality.cz//detail/prodej/byt/2+kk/praha-krc-bystricka/3235074636,"Bystřická, Praha - Krč",Krč,For Sale,6290000,2+kk,41,2025-05-28 15:06:22.962693
28edc19ee886,Prodej bytu 3+kk 86 m²,https://www.sreality.cz//detail/prodej/byt/3+kk/praha-troja-k-haltyri/3360379468,"K Haltýři, Praha - Troja",Troja,For Sale,13990000,3+kk,86,2025-05-28 15:06:22.983827
9e55fadf9cdd,SLEVA: Prodej bytu 4+1 118 m²,https://www.sreality.cz//detail/prodej/byt/4+1/praha-smichov-lidicka/1267532364,"Lidická, Praha - Smíchov",Smíchov,For Sale,15490000,4+1,118,2025-05-28 15:06:23.004717
5611c5145a78,SLEVA: Prodej bytu 3+kk 92 m²,https://www.sreality.cz//detail/prodej/byt/3+kk/praha-smichov-lidicka/2275213900,"Lidická, Praha - Smíchov",Smíchov,For Sale,13490000,3+kk,92,2025-05-28 15:06:23.021718
298d94cdd238,Prodej bytu 3+kk 119 m²,https://www.sreality.cz//detail/prodej/byt/3+kk/praha-vysocany-pod-krocinkou/1367450188,"Pod Krocínkou, Praha - Vysočany",Vysočany,For Sale,19373005,3+kk,119,2025-05-28 15:06:23.040801
8575a3cc0e50,Prodej bytu 2+1 50 m²,https://www.sreality.cz//detail/prodej/byt/2+1/praha-vrsovice-v-olsinach/638865996,"V olšinách, Praha - Vršovice",Vršovice,For Sale,6990000,2+1,50,2025-05-28 15:06:23.058421
c8d139542cea,Prodej bytu 2+kk 50 m²,https://www.sreality.cz//detail/prodej/byt/2+kk/praha-nusle-nad-studankou/2908394060,"Nad studánkou, Praha - Nusle",Nusle,For Sale,5990000,2+kk,50,2025-05-28 15:06:23.078427
112a1587302b,Pronájem bytu 6 pokojů a více 235 m²,https://www.sreality.cz//detail/pronajem/byt/6-a-vice/praha-vokovice-nepalska/3580408652,"Nepálská, Praha - Vokovice",Vokovice,For Rent,77500,6,235,2025-05-28 15:06:23.097369
9f51fd5f9185,Pronájem bytu 1+kk 34 m²,https://www.sreality.cz//detail/pronajem/byt/1+kk/praha-ruzyne-/412631628,Praha - Ruzyně,Ruzyně,For Rent,17500,1+kk,34,2025-05-28 15:06:23.115356
57a5ca63d8cc,Prodej bytu 4+1 121 m²,https://www.sreality.cz//detail/prodej/byt/4+1/praha-podoli-prava/2291774284,"Pravá, Praha - Podolí",Podolí,For Sale,16700000,4+1,121,2025-05-28 15:06:23.135457
b069e5adf12e,Prodej bytu 1+kk 40 m²,https://www.sreality.cz//detail/prodej/byt/1+kk/praha-kbely-lustenicka/3522716236,"Luštěnická, Praha - Kbely",Kbely,For Sale,5990000,1+kk,40,2025-05-28 15:06:23.153906
efb08296309d,Pronájem bytu 2+kk 198 m²,https://www.sreality.cz//detail/pronajem/byt/2+kk/praha-stare-mesto-anezska/3633951564,"Anežská, Praha - Staré Město",Staré Město,For Rent,45000,2+kk,198,2025-05-28 15:06:23.172946
bcea5ed037bb,Pronájem bytu 1+kk 31 m²,https://www.sreality.cz//detail/pronajem/byt/1+kk/praha-kyje-farkasova/2040116044,"Farkašova, Praha - Kyje",Kyje,For Rent,16000,1+kk,31,2025-05-28 15:06:23.191904
0ee49fcc391c,Pronájem bytu 3+kk 91 m²,https://www.sreality.cz//detail/pronajem/byt/3+kk/praha-zizkov-rehorova/2741129804,"Řehořova, Praha - Žižkov",Žižkov,For Rent,40000,3+kk,91,2025-05-28 15:06:25.321702
2d1dba099a7b,Pronájem bytu 4+kk 160 m²,https://www.sreality.cz//detail/pronajem/byt/4+kk/praha-vinohrady-anny-letenske/2532860492,"Anny Letenské, Praha - Vinohrady",Vinohrady,For Rent,70000,4+kk,160,2025-05-28 15:06:25.341706
71bed614883b,Prodej bytu 3+1 158 m²,https://www.sreality.cz//detail/prodej/byt/3+1/praha-stare-mesto-karlova/2613789260,"Karlova, Praha - Staré Město",Staré Město,For Sale,19900000,3+1,158,2025-05-28 15:06:25.362216
1c1fcbf42db2,Prodej bytu 3+kk 152 m²,https://www.sreality.cz//detail/prodej/byt/3+kk/praha-troja-pod-havrankou/3643429452,"Pod Havránkou, Praha - Troja",Troja,For Sale,38000000,3+kk,152,2025-05-28 15:06:25.386215
5c14cac0f752,Pronájem bytu 3+kk 73 m²,https://www.sreality.cz//detail/pronajem/byt/3+kk/praha-dablice-senovska/2391872076,"Šenovská, Praha - Ďáblice",Ďáblice,For Rent,27900,3+kk,73,2025-05-28 15:06:25.421214
2bf695399bb1,Pronájem bytu 3+kk 139 m²,https://www.sreality.cz//detail/pronajem/byt/3+kk/praha-holesovice-delnicka/2973438540,"Dělnická, Praha - Holešovice",Holešovice,For Rent,62000,3+kk,139,2025-05-28 15:06:25.447218
d9aa4ce1a7ed,Prodej bytu 3+kk 119 m²,https://www.sreality.cz//detail/prodej/byt/3+kk/praha-bubenec-gotthardska/3234382412,"Gotthardská, Praha - Bubeneč",Bubeneč,For Sale,26278859,3+kk,119,2025-05-28 15:06:25.467737
80356088d2ff,Prodej bytu 2+kk 48 m²,https://www.sreality.cz//detail/prodej/byt/2+kk/praha-radotin-namesti-osvoboditelu/1606484556,"náměstí Osvoboditelů, Praha - Radotín",Radotín,For Sale,8365587,2+kk,48,2025-05-28 15:06:25.487726
d45e93d36d44,Prodej bytu 1+kk 42 m²,https://www.sreality.cz//detail/prodej/byt/1+kk/praha-holesovice-v-haji/2598699596,"V Háji, Praha - Holešovice",Holešovice,For Sale,9873378,1+kk,42,2025-05-28 15:06:25.508729
ee6926e759ca,Pronájem bytu 6 pokojů a více 204 m²,https://www.sreality.cz//detail/pronajem/byt/6-a-vice/praha-liben-kasparovo-namesti/1608798796,"Kašparovo náměstí, Praha - Libeň",Libeň,For Rent,60000,6,204,2025-05-28 15:06:25.526725
5521d62cbb5e,Prodej bytu 2+kk 44 m²,https://www.sreality.cz//detail/prodej/byt/2+kk/praha-praha-/1429955916,Praha,,For Sale,6599000,2+kk,44,2025-05-28 15:06:25.546729
49ee30316d6f,Pronájem bytu 2+kk 50 m²,https://www.sreality.cz//detail/pronajem/byt/2+kk/praha-nove-mesto-vaclavske-namesti/2652656204,"Václavské náměstí, Praha - Nové Město",Nové Město,For Rent,25900,2+kk,50,2025-05-28 15:06:25.567240
3df6230ae73e,Prodej bytu 2+1 71 m²,https://www.sreality.cz//detail/prodej/byt/2+1/praha-vinohrady-pod-karlovem/3894628940,"Pod Karlovem, Praha - Vinohrady",Vinohrady,For Sale,14290000,2+1,71,2025-05-28 15:06:25.584849
84c3ad6fcde5,Prodej bytu 2+1 60 m²,https://www.sreality.cz//detail/prodej/byt/2+1/praha-bubenec-jaselska/1842627148,"Jaselská, Praha - Bubeneč",Bubeneč,For Sale,9876000,2+1,60,2025-05-28 15:06:25.616846
b6f786cfe1d0,Pronájem bytu 3+1 100 m²,https://www.sreality.cz//detail/pronajem/byt/3+1/praha-praha-manesova/3978576460,"Mánesova, Praha",,For Rent,35000,3+1,100,2025-05-28 15:06:25.636859
195080c524e7,Prodej bytu 3+kk 83 m²,https://www.sreality.cz//detail/prodej/byt/3+kk/praha-dablice-nad-akcizem/2409214796,"Nad Akcízem, Praha - Ďáblice",Ďáblice,For Sale,11990000,3+kk,83,2025-05-28 15:06:25.656398
d7e279fb42f5,Pronájem bytu 3+1 173 m²,https://www.sreality.cz//detail/pronajem/byt/3+1/praha-nove-mesto-jungmannova/1176326732,"Jungmannova, Praha - Nové Město",Nové Město,For Rent,90000,3+1,173,2025-05-28 15:06:25.675562
8d84062fa862,Pronájem bytu 1+1 32 m²,https://www.sreality.cz//detail/pronajem/byt/1+1/praha-liben-na-zertvach/2401452620,"Na Žertvách, Praha - Libeň",Libeň,For Rent,16000,1+1,32,2025-05-28 15:06:25.693561
378163674e27,Pronájem bytu 2+kk 46 m²,https://www.sreality.cz//detail/pronajem/byt/2+kk/praha-zabehlice-mikanova/3657323084,"Mikanova, Praha - Záběhlice",Záběhlice,For Rent,21490,2+kk,46,2025-05-28 15:06:25.712574
0d5ccebb838b,Pronájem bytu 2+kk 37 m²,https://www.sreality.cz//detail/pronajem/byt/2+kk/praha-bubenec-verdunska/2835894860,"Verdunská, Praha - Bubeneč",Bubeneč,For Rent,19900,2+kk,37,2025-05-28 15:06:25.730572
3edf8567e0d1,Pronájem bytu 3+kk 91 m²,https://www.sreality.cz//detail/pronajem/byt/3+kk/praha-nove-mesto-vaclavske-namesti/2912531276,"Václavské náměstí, Praha - Nové Město",Nové Město,For Rent,45900,3+kk,91,2025-05-28 15:06:27.857276
e0d924ceaea1,Pronájem bytu 3+kk 83 m²,https://www.sreality.cz//detail/pronajem/byt/3+kk/praha-nove-mesto-lipova/776647500,"Lípová, Praha - Nové Město",Nové Město,For Rent,40000,3+kk,83,2025-05-28 15:06:27.877957
fdd03f056639,Prodej bytu 2+kk 58 m²,https://www.sreality.cz//detail/prodej/byt/2+kk/praha-strasnice-ramonova/8872524,"Ramonova, Praha - Strašnice",Strašnice,For Sale,13490000,2+kk,58,2025-05-28 15:06:27.896977
52ca5ba8c721,Prodej bytu 4+1 125 m²,https://www.sreality.cz//detail/prodej/byt/4+1/praha-ruzyne-stochovska/3996725836,"Stochovská, Praha - Ruzyně",Ruzyně,For Sale,13990000,4+1,125,2025-05-28 15:06:27.914966
308310c81acc,Prodej bytu 1+kk 22 m²,https://www.sreality.cz//detail/prodej/byt/1+kk/praha-suchdol-suchdolske-namesti/507535948,"Suchdolské náměstí, Praha - Suchdol",Suchdol,For Sale,3250000,1+kk,22,2025-05-28 15:06:27.932976
0651cd05e676,Prodej bytu 2+1 50 m²,https://www.sreality.cz//detail/prodej/byt/2+1/praha-michle-michelska/319251020,"Michelská, Praha - Michle",Michle,For Sale,8790000,2+1,50,2025-05-28 15:06:27.952996
fe368a868732,Prodej bytu 2+kk 50 m²,https://www.sreality.cz//detail/prodej/byt/2+kk/praha-stodulky-laurinova/600506956,"Laurinova, Praha - Stodůlky",Stodůlky,For Sale,8755000,2+kk,50,2025-05-28 15:06:27.972677
a966c65f1b85,Pronájem bytu 2+kk 49 m²,https://www.sreality.cz//detail/pronajem/byt/2+kk/praha-zabehlice-ke-skalkam/1838633548,"Ke skalkám, Praha - Záběhlice",Záběhlice,For Rent,17500,2+kk,49,2025-05-28 15:06:27.990685
40e35560a962,Pronájem bytu 1+kk 40 m²,https://www.sreality.cz//detail/pronajem/byt/1+kk/praha-dejvice-u-mateje/877154892,"U Matěje, Praha - Dejvice",Dejvice,For Rent,19000,1+kk,40,2025-05-28 15:06:28.008622
1a0c2855696d,Prodej bytu 2+kk 59 m²,https://www.sreality.cz//detail/prodej/byt/2+kk/praha-stodulky-raichlova/2694427468,"Raichlova, Praha - Stodůlky",Stodůlky,For Sale,8400000,2+kk,59,2025-05-28 15:06:28.028620
aaad2681361f,Pronájem bytu 3+1 70 m²,https://www.sreality.cz//detail/pronajem/byt/3+1/praha-haje-brechtova/836588108,"Brechtova, Praha - Háje",Háje,For Rent,22500,3+1,70,2025-05-28 15:06:28.046748
b856d58a1485,Pronájem bytu 2+kk 49 m²,https://www.sreality.cz//detail/pronajem/byt/2+kk/praha-nove-mesto-na-morani/1143030348,"Na Moráni, Praha - Nové Město",Nové Město,For Rent,23000,2+kk,49,2025-05-28 15:06:28.064346
e6fbb0a21d07,Pronájem bytu 2+kk 58 m²,https://www.sreality.cz//detail/pronajem/byt/2+kk/praha-stodulky-klementova/2979640140,"Klementova, Praha - Stodůlky",Stodůlky,For Rent,24000,2+kk,58,2025-05-28 15:06:28.083379
eabccd10e510,Prodej bytu atypický 127 m²,https://www.sreality.cz//detail/prodej/byt/atypicky/praha-stare-mesto-liliova/2761257548,"Liliová, Praha - Staré Město",Staré Město,For Sale,24980000,Prodej,127,2025-05-28 15:06:28.101423
7a97a9c42c25,Prodej bytu 4+kk 127 m²,https://www.sreality.cz//detail/prodej/byt/4+kk/praha-stare-mesto-liliova/4136460876,"Liliová, Praha - Staré Město",Staré Město,For Sale,24980000,4+kk,127,2025-05-28 15:06:28.120412
d3163f3f3fca,Pronájem bytu 2+1 74 m²,https://www.sreality.cz//detail/pronajem/byt/2+1/praha-brevnov-loutkarska/68305484,"Loutkářská, Praha - Břevnov",Břevnov,For Rent,40000,2+1,74,2025-05-28 15:06:28.138420
abb983b79752,Pronájem bytu 3+kk 85 m²,https://www.sreality.cz//detail/pronajem/byt/3+kk/praha-liben-novakovych/3156361804,"Novákových, Praha - Libeň",Libeň,For Rent,28000,3+kk,85,2025-05-28 15:06:28.157434
1272fd4245ea,Pronájem bytu 2+1 73 m²,https://www.sreality.cz//detail/pronajem/byt/2+1/praha-brevnov-loutkarska/3975299660,"Loutkářská, Praha - Břevnov",Břevnov,For Rent,32000,2+1,73,2025-05-28 15:06:28.175041
2749537492cc,Pronájem bytu 1+kk 29 m²,https://www.sreality.cz//detail/pronajem/byt/1+kk/praha-modrany-daskova/3516511052,"Daškova, Praha - Modřany",Modřany,For Rent,14490,1+kk,29,2025-05-28 15:06:28.193114
ce1f6e6650c3,Pronájem bytu 2+1 49 m²,https://www.sreality.cz//detail/pronajem/byt/2+1/praha-zabehlice-jihovychodni-iv/2882093644,"Jihovýchodní IV, Praha - Záběhlice",Záběhlice,For Rent,19500,2+1,49,2025-05-28 15:06:28.213116
c496bdffe75a,Prodej bytu 3+kk 71 m²,https://www.sreality.cz//detail/prodej/byt/3+kk/praha-strasnice-pod-strani/1697231692,"Pod Strání, Praha - Strašnice",Strašnice,For Sale,10900000,3+kk,71,2025-05-28 15:06:28.230105
a3b809a71a3f,SLEVA: Prodej bytu 4+kk 106 m²,https://www.sreality.cz//detail/prodej/byt/4+kk/praha-michle-v-doline/654983756,"V Dolině, Praha - Michle",Michle,For Sale,12600000,4+kk,106,2025-05-28 15:06:30.351950
d2e416886cad,Pronájem bytu 2+kk 51 m²,https://www.sreality.cz//detail/pronajem/byt/2+kk/praha-smichov-na-neklance/1469690700,"Na Neklance, Praha - Smíchov",Smíchov,For Rent,20000,2+kk,51,2025-05-28 15:06:30.369443
f494a778f82f,Pronájem bytu 3+kk 109 m²,https://www.sreality.cz//detail/pronajem/byt/3+kk/praha-kamyk-cholupicka/2224665420,"Cholupická, Praha - Kamýk",Kamýk,For Rent,33900,3+kk,109,2025-05-28 15:06:30.388444
b9029b68f0aa,Pronájem bytu 1+kk 22 m²,https://www.sreality.cz//detail/pronajem/byt/1+kk/praha-nusle-spoluprace/2509878092,"Spolupráce, Praha - Nusle",Nusle,For Rent,11000,1+kk,22,2025-05-28 15:06:30.408502
e2c1a1c21aa3,Prodej bytu 2+kk 51 m²,https://www.sreality.cz//detail/prodej/byt/2+kk/praha-trebonice-thomasova/2861151052,"Thomasova, Praha - Třebonice",Třebonice,For Sale,3490000,2+kk,51,2025-05-28 15:06:30.429549
8929b03b7d39,Pronájem bytu 4+kk 222 m²,https://www.sreality.cz//detail/pronajem/byt/4+kk/praha-brevnov-nad-tejnkou/462009164,"Nad Tejnkou, Praha - Břevnov",Břevnov,For Rent,82500,4+kk,222,2025-05-28 15:06:30.446442
49069fb9c590,Pronájem bytu 2+kk 58 m²,https://www.sreality.cz//detail/pronajem/byt/2+kk/praha-repy-na-fialce-ii/915886668,"Na Fialce II, Praha - Řepy",Řepy,For Rent,21000,2+kk,58,2025-05-28 15:06:30.465956
d41775890876,Pronájem bytu 2+kk 70 m²,https://www.sreality.cz//detail/pronajem/byt/2+kk/praha-stodulky-hasilova/3683234636,"Hasilova, Praha - Stodůlky",Stodůlky,For Rent,24990,2+kk,70,2025-05-28 15:06:30.486956
f2f56af18024,Prodej bytu 3+1 73 m²,https://www.sreality.cz//detail/prodej/byt/3+1/praha-uhrineves-k-netlukam/1781297740,"K Netlukám, Praha - Uhříněves",Uhříněves,For Sale,7650000,3+1,73,2025-05-28 15:06:30.507955
ba2cdba973aa,Prodej bytu 2+kk 58 m²,https://www.sreality.cz//detail/prodej/byt/2+kk/praha-cakovice-marie-podvalove/849356108,"Marie Podvalové, Praha - Čakovice",Čakovice,For Sale,8235704,2+kk,58,2025-05-28 15:06:30.529955
a2704ebcba9e,Pronájem bytu 4+kk 200 m²,https://www.sreality.cz//detail/pronajem/byt/4+kk/praha-dejvice-evropska/2544656972,"Evropská, Praha - Dejvice",Dejvice,For Rent,68000,4+kk,200,2025-05-28 15:06:30.550961
49a3ff6508dd,Pronájem bytu 2+kk 51 m²,https://www.sreality.cz//detail/pronajem/byt/2+kk/praha-repy-u-borovicek/1594237516,"U boroviček, Praha - Řepy",Řepy,For Rent,27000,2+kk,51,2025-05-28 15:06:30.571472
e31a9424d7c8,Pronájem bytu 6 pokojů a více 386 m²,https://www.sreality.cz//detail/pronajem/byt/6-a-vice/praha-bubenec-rooseveltova/2424513100,"Rooseveltova, Praha - Bubeneč",Bubeneč,For Rent,110000,6,386,2025-05-28 15:06:30.593471
361bb1222b81,Prodej bytu 3+kk 87 m²,https://www.sreality.cz//detail/prodej/byt/3+kk/praha-brevnov-belohorska/2165094492,"Bělohorská, Praha - Břevnov",Břevnov,For Sale,15600000,3+kk,87,2025-05-28 15:06:30.615472
f25230e2e55d,Prodej bytu 3+kk 103 m²,https://www.sreality.cz//detail/prodej/byt/3+kk/praha-brevnov-belohorska/2593550924,"Bělohorská, Praha - Břevnov",Břevnov,For Sale,16240000,3+kk,103,2025-05-28 15:06:30.635470
1a67ed0213af,Prodej bytu 4+kk 99 m²,https://www.sreality.cz//detail/prodej/byt/4+kk/praha-brevnov-belohorska/4239549004,"Bělohorská, Praha - Břevnov",Břevnov,For Sale,18990000,4+kk,99,2025-05-28 15:06:30.655478
f0a75c87b8cb,Prodej bytu 2+kk 58 m²,https://www.sreality.cz//detail/prodej/byt/2+kk/praha-brevnov-belohorska/2220311116,"Bělohorská, Praha - Břevnov",Břevnov,For Sale,10990000,2+kk,58,2025-05-28 15:06:30.676338
9d44b65727e4,Pronájem bytu 1+1 57 m²,https://www.sreality.cz//detail/pronajem/byt/1+1/praha-kamyk-machuldova/160019276,"Machuldova, Praha - Kamýk",Kamýk,For Rent,13500,1+1,57,2025-05-28 15:06:30.695337
70439782a79e,Pronájem bytu 2+kk 71 m²,https://www.sreality.cz//detail/pronajem/byt/2+kk/praha-nove-mesto-stepanska/2541433420,"Štěpánská, Praha - Nové Město",Nové Město,For Rent,29669,2+kk,71,2025-05-28 15:06:30.714336
05ae5ae2149c,Pronájem bytu 2+kk 55 m²,https://www.sreality.cz//detail/pronajem/byt/2+kk/praha-smichov-stefanikova/1131893324,"Štefánikova, Praha - Smíchov",Smíchov,For Rent,22000,2+kk,55,2025-05-28 15:06:30.735336
65af7c2c05cd,Pronájem bytu 2+kk 50 m²,https://www.sreality.cz//detail/pronajem/byt/2+kk/praha-vinohrady-u-zvonarky/387142220,"U Zvonařky, Praha - Vinohrady",Vinohrady,For Rent,34000,2+kk,50,2025-05-28 15:06:30.755340
34df9c245671,Pronájem bytu 3+kk 65 m²,https://www.sreality.cz//detail/pronajem/byt/3+kk/praha-vinohrady-moravska/3101639244,"Moravská, Praha - Vinohrady",Vinohrady,For Rent,28000,3+kk,65,2025-05-28 15:06:32.894457
e8504838a400,Pronájem bytu 3+kk 92 m²,https://www.sreality.cz//detail/pronajem/byt/3+kk/praha-vinohrady-belgicka/3541717580,"Belgická, Praha - Vinohrady",Vinohrady,For Rent,40000,3+kk,92,2025-05-28 15:06:32.915474
49673be00989,Prodej bytu 3+kk 111 m²,https://www.sreality.cz//detail/prodej/byt/3+kk/praha-letnany-tupolevova/4186551116,"Tupolevova, Praha - Letňany",Letňany,For Sale,16340800,3+kk,111,2025-05-28 15:06:32.934463
e9ef90535060,Pronájem bytu 2+kk 58 m²,https://www.sreality.cz//detail/pronajem/byt/2+kk/praha-zizkov-prokopova/2560275276,"Prokopova, Praha - Žižkov",Žižkov,For Rent,24500,2+kk,58,2025-05-28 15:06:32.952538
d23fed886f11,Prodej bytu 2+kk 50 m²,https://www.sreality.cz//detail/prodej/byt/2+kk/praha-trebonice-thomasova/512340812,"Thomasova, Praha - Třebonice",Třebonice,For Sale,3490000,2+kk,50,2025-05-28 15:06:32.970114
70439782a79e,Pronájem bytu 2+kk 71 m²,https://www.sreality.cz//detail/pronajem/byt/2+kk/praha-nove-mesto-stepanska/1627288140,"Štěpánská, Praha - Nové Město",Nové Město,For Rent,29669,2+kk,71,2025-05-28 15:06:32.989086
f404f9997729,Pronájem bytu 2+kk 65 m²,https://www.sreality.cz//detail/pronajem/byt/2+kk/praha-dejvice-bechynova/2842587724,"Bechyňova, Praha - Dejvice",Dejvice,For Rent,35000,2+kk,65,2025-05-28 15:06:33.011080
ec2ce5bdb417,Pronájem bytu 2+1 110 m²,https://www.sreality.cz//detail/pronajem/byt/2+1/praha-vinohrady-italska/2391389004,"Italská, Praha - Vinohrady",Vinohrady,For Rent,42000,2+1,110,2025-05-28 15:06:33.029080
65f04d0bc9f4,Pronájem bytu 3+1 129 m²,https://www.sreality.cz//detail/pronajem/byt/3+1/praha-smichov-stefanikova/4034351692,"Štefánikova, Praha - Smíchov",Smíchov,For Rent,46000,3+1,129,2025-05-28 15:06:33.059179
05ae5ae2149c,Pronájem bytu 2+kk 55 m²,https://www.sreality.cz//detail/pronajem/byt/2+kk/praha-smichov-stefanikova/293032524,"Štefánikova, Praha - Smíchov",Smíchov,For Rent,22000,2+kk,55,2025-05-28 15:06:33.077813
2c5564f100ef,Pronájem bytu 2+kk 78 m²,https://www.sreality.cz//detail/pronajem/byt/2+kk/praha-vinohrady-u-zvonarky/3119338060,"U Zvonařky, Praha - Vinohrady",Vinohrady,For Rent,34000,2+kk,78,2025-05-28 15:06:33.096802
34df9c245671,Pronájem bytu 3+kk 65 m²,https://www.sreality.cz//detail/pronajem/byt/3+kk/praha-vinohrady-moravska/3330691660,"Moravská, Praha - Vinohrady",Vinohrady,For Rent,28000,3+kk,65,2025-05-28 15:06:33.116740
f18ce6d3af11,Pronájem bytu 3+1 103 m²,https://www.sreality.cz//detail/pronajem/byt/3+1/praha-vinohrady-belgicka/453206604,"Belgická, Praha - Vinohrady",Vinohrady,For Rent,40000,3+1,103,2025-05-28 15:06:33.134836
25c91a07cfb6,Pronájem bytu 2+kk 62 m²,https://www.sreality.cz//detail/pronajem/byt/2+kk/praha-zizkov-prokopova/1267381068,"Prokopova, Praha - Žižkov",Žižkov,For Rent,24500,2+kk,62,2025-05-28 15:06:33.152886
44c1b9b193f5,Pronájem bytu 4+1 118 m²,https://www.sreality.cz//detail/pronajem/byt/4+1/praha-holesovice-pplk-sochora/2660721228,"Pplk. Sochora, Praha - Holešovice",Holešovice,For Rent,49500,4+1,118,2025-05-28 15:06:33.171005
d3366b196fc9,Pronájem bytu 1+kk 30 m²,https://www.sreality.cz//detail/pronajem/byt/1+kk/praha-michle-jemnicka/163296076,"Jemnická, Praha - Michle",Michle,For Rent,14000,1+kk,30,2025-05-28 15:06:33.190074
6b136143f037,Prodej bytu 4+1 78 m²,https://www.sreality.cz//detail/prodej/byt/4+1/praha-cerny-most-generala-janouska/1116320588,"Generála Janouška, Praha - Černý Most",Černý Most,For Sale,8750000,4+1,78,2025-05-28 15:06:33.208059
aed81da1d4f2,Pronájem bytu 4+1 139 m²,https://www.sreality.cz//detail/pronajem/byt/4+1/praha-nove-mesto-masarykovo-nabrezi/1820787276,"Masarykovo nábřeží, Praha - Nové Město",Nové Město,For Rent,48000,4+1,139,2025-05-28 15:06:33.227044
9c66d6884c3d,Prodej bytu 4+1 104 m²,https://www.sreality.cz//detail/prodej/byt/4+1/praha-hloubetin-klanovicka/4252717644,"Klánovická, Praha - Hloubětín",Hloubětín,For Sale,11900000,4+1,104,2025-05-28 15:06:33.245047
3f359b03fc4a,Pronájem bytu 2+kk 59 m²,https://www.sreality.cz//detail/pronajem/byt/2+kk/praha-hloubetin-domalipova/1305494092,"Domalípova, Praha - Hloubětín",Hloubětín,For Rent,25900,2+kk,59,2025-05-28 15:06:33.262120
9664701e8896,Pronájem bytu 3+kk 91 m²,https://www.sreality.cz//detail/pronajem/byt/3+kk/praha-hlubocepy-baarove/2508793164,"Baarové, Praha - Hlubočepy",Hlubočepy,For Rent,29900,3+kk,91,2025-05-28 15:06:35.385724
0aacfaa92111,Prodej bytu 3+1 80 m²,https://www.sreality.cz//detail/prodej/byt/3+1/praha-hostivar-nurmiho/766513740,"Nurmiho, Praha - Hostivař",Hostivař,For Sale,16990000,3+1,80,2025-05-28 15:06:35.407738
89151a3f9dd1,Prodej bytu 2+kk 56 m²,https://www.sreality.cz//detail/prodej/byt/2+kk/praha-zabehlice-zabehlicka/3904795212,"Záběhlická, Praha - Záběhlice",Záběhlice,For Sale,6390000,2+kk,56,2025-05-28 15:06:35.425646
5e28c44eac46,Pronájem bytu 3+kk 88 m²,https://www.sreality.cz//detail/pronajem/byt/3+kk/praha-zizkov-jana-zelivskeho/1901556300,"Jana Želivského, Praha - Žižkov",Žižkov,For Rent,26000,3+kk,88,2025-05-28 15:06:35.444735
eb9c8660c8a2,Pronájem bytu 1+kk 29 m²,https://www.sreality.cz//detail/pronajem/byt/1+kk/praha-strasnice-kralicka/1207677772,"Kralická, Praha - Strašnice",Strašnice,For Rent,9900,1+kk,29,2025-05-28 15:06:35.462823
3b996a3ecbb3,Pronájem bytu 1+1 40 m²,https://www.sreality.cz//detail/pronajem/byt/1+1/praha-smichov-arbesovo-namesti/613004108,"Arbesovo náměstí, Praha - Smíchov",Smíchov,For Rent,18500,1+1,40,2025-05-28 15:06:35.482342
b469c7ab8a1a,Pronájem bytu 3+kk 74 m²,https://www.sreality.cz//detail/pronajem/byt/3+kk/praha-zizkov-seifertova/2492052300,"Seifertova, Praha - Žižkov",Žižkov,For Rent,27000,3+kk,74,2025-05-28 15:06:35.502887
41a380beb963,Prodej bytu 2+1 79 m²,https://www.sreality.cz//detail/prodej/byt/2+1/praha-stare-mesto-karlova/1396441676,"Karlova, Praha - Staré Město",Staré Město,For Sale,20043000,2+1,79,2025-05-28 15:06:35.521888
49a7eef63517,Pronájem bytu 3+1 77 m²,https://www.sreality.cz//detail/pronajem/byt/3+1/praha-hlubocepy-voskovcova/2291946060,"Voskovcova, Praha - Hlubočepy",Hlubočepy,For Rent,27500,3+1,77,2025-05-28 15:06:35.540379
67e651bc4a23,Prodej bytu 2+kk 50 m²,https://www.sreality.cz//detail/prodej/byt/2+kk/praha-nusle-vlastislavova/3537896012,"Vlastislavova, Praha - Nusle",Nusle,For Sale,6490000,2+kk,50,2025-05-28 15:06:35.560467
48801ab94f63,Pronájem bytu 3+kk 73 m²,https://www.sreality.cz//detail/pronajem/byt/3+kk/praha-zizkov-kristanova/3314135884,"Křišťanova, Praha - Žižkov",Žižkov,For Rent,29000,3+kk,73,2025-05-28 15:06:35.580148
70f26204bc5c,Prodej bytu 3+1 103 m²,https://www.sreality.cz//detail/prodej/byt/3+1/praha-strasnice-na-palouku/2879476300,"Na Palouku, Praha - Strašnice",Strašnice,For Sale,15489000,3+1,103,2025-05-28 15:06:35.598148
4f98f132de51,Pronájem bytu 1+1 40 m²,https://www.sreality.cz//detail/pronajem/byt/1+1/praha-zizkov-prokopova/146387788,"Prokopova, Praha - Žižkov",Žižkov,For Rent,12990,1+1,40,2025-05-28 15:06:35.616179
496b71b72763,Prodej bytu 3+1 76 m²,https://www.sreality.cz//detail/prodej/byt/3+1/praha-cerny-most-kpt-stranskeho/1488565068,"Kpt. Stránského, Praha - Černý Most",Černý Most,For Sale,9500000,3+1,76,2025-05-28 15:06:35.634139
f3101162f184,Prodej bytu 4+kk 78 m²,https://www.sreality.cz//detail/prodej/byt/4+kk/praha-cakovice-marie-podvalove/2581459532,"Marie Podvalové, Praha - Čakovice",Čakovice,For Sale,11905242,4+kk,78,2025-05-28 15:06:35.653140
000ae996be6d,Pronájem bytu 2+kk 42 m²,https://www.sreality.cz//detail/pronajem/byt/2+kk/praha-dubec-k-pastvinam/3934929484,"K pastvinám, Praha - Dubeč",Dubeč,For Rent,17000,2+kk,42,2025-05-28 15:06:35.673749
a722567d439f,Pronájem bytu 3+1 102 m²,https://www.sreality.cz//detail/pronajem/byt/3+1/praha-vinohrady-slezska/770269772,"Slezská, Praha - Vinohrady",Vinohrady,For Rent,34990,3+1,102,2025-05-28 15:06:35.694766
059228828063,Pronájem bytu 2+kk 41 m²,https://www.sreality.cz//detail/pronajem/byt/2+kk/praha-zizkov-seifertova/2998493772,"Seifertova, Praha - Žižkov",Žižkov,For Rent,24900,2+kk,41,2025-05-28 15:06:35.714740
a9890a502dd8,Prodej bytu 3+kk 103 m²,https://www.sreality.cz//detail/prodej/byt/3+kk/praha-holesovice-dukelskych-hrdinu/1335936332,"Dukelských hrdinů, Praha - Holešovice",Holešovice,For Sale,15790000,3+kk,103,2025-05-28 15:06:35.736745
550f2b8d9bd0,Pronájem bytu 5+kk 122 m²,https://www.sreality.cz//detail/pronajem/byt/5+kk/praha-smichov-drtinova/2948182860,"Drtinova, Praha - Smíchov",Smíchov,For Rent,65000,5+kk,122,2025-05-28 15:06:35.757793
dfcc3f27b81c,Pronájem bytu 3+kk 74 m²,https://www.sreality.cz//detail/pronajem/byt/3+kk/praha-stodulky-svitakova/385537100,"Svitákova, Praha - Stodůlky",Stodůlky,For Rent,29990,3+kk,74,2025-05-28 15:06:35.777268
82c6c87ddce2,Pronájem bytu 3+kk 87 m²,https://www.sreality.cz//detail/pronajem/byt/3+kk/praha-nove-mesto-ruzova/1377616460,"Růžová, Praha - Nové Město",Nové Město,For Rent,37900,3+kk,87,2025-05-28 15:06:35.798266
76d165a83234,Pronájem bytu 2+kk 42 m²,https://www.sreality.cz//detail/pronajem/byt/2+kk/praha-stresovice-na-malovance/2142466636,"Na Malovance, Praha - Střešovice",Střešovice,For Rent,20000,2+kk,42,2025-05-28 15:06:37.927739
2d147ff13184,Pronájem bytu 1+kk 31 m²,https://www.sreality.cz//detail/pronajem/byt/1+kk/praha-vrsovice-novgorodska/3988370252,"Novgorodská, Praha - Vršovice",Vršovice,For Rent,16900,1+kk,31,2025-05-28 15:06:37.946845
9e485e48ae6a,Pronájem bytu 4+1 105 m²,https://www.sreality.cz//detail/pronajem/byt/4+1/praha-holesovice-antoninska/501244492,"Antonínská, Praha - Holešovice",Holešovice,For Rent,38000,4+1,105,2025-05-28 15:06:37.964818
1b437b2d795a,Pronájem bytu 1+kk 40 m²,https://www.sreality.cz//detail/pronajem/byt/1+kk/praha-letnany-pavla-benese/1145680716,"Pavla Beneše, Praha - Letňany",Letňany,For Rent,16000,1+kk,40,2025-05-28 15:06:37.983491
1cfccde5f6e6,Pronájem bytu 3+kk 80 m²,https://www.sreality.cz//detail/pronajem/byt/3+kk/praha-nove-mesto-vaclavske-namesti/3015291724,"Václavské náměstí, Praha - Nové Město",Nové Město,For Rent,39900,3+kk,80,2025-05-28 15:06:38.002493
872a5c3982e7,Pronájem bytu 1+kk 31 m²,https://www.sreality.cz//detail/pronajem/byt/1+kk/praha-vrsovice-petrohradska/1085911884,"Petrohradská, Praha - Vršovice",Vršovice,For Rent,16900,1+kk,31,2025-05-28 15:06:38.020491
2c3ada4f590f,Prodej bytu 3+kk 72 m²,https://www.sreality.cz//detail/prodej/byt/3+kk/praha-brevnov-pod-drinopolem/1112822348,"Pod Drinopolem, Praha - Břevnov",Břevnov,For Sale,13196000,3+kk,72,2025-05-28 15:06:38.039490
c75415e67b4f,Pronájem bytu 2+kk 41 m²,https://www.sreality.cz//detail/pronajem/byt/2+kk/praha-karlin-vitkova/4055479116,"Vítkova, Praha - Karlín",Karlín,For Rent,24000,2+kk,41,2025-05-28 15:06:38.058494
d5ec61cb317c,Pronájem bytu 3+kk 79 m²,https://www.sreality.cz//detail/pronajem/byt/3+kk/praha-nove-mesto-vaclavske-namesti/3065623372,"Václavské náměstí, Praha - Nové Město",Nové Město,For Rent,38900,3+kk,79,2025-05-28 15:06:38.077008
1352acb69943,Prodej bytu 4+1 118 m²,https://www.sreality.cz//detail/prodej/byt/4+1/praha-stodulky-ovci-hajek/121193804,"Ovčí hájek, Praha - Stodůlky",Stodůlky,For Sale,13490000,4+1,118,2025-05-28 15:06:38.096015
f5ec124b062d,Pronájem bytu 2+kk 37 m²,https://www.sreality.cz//detail/pronajem/byt/2+kk/praha-vrsovice-orelska/2671264332,"Orelská, Praha - Vršovice",Vršovice,For Rent,17000,2+kk,37,2025-05-28 15:06:38.113601
19b66ba60646,Pronájem bytu 2+kk 44 m²,https://www.sreality.cz//detail/pronajem/byt/2+kk/praha-smichov-toyen/2053653068,"Toyen, Praha - Smíchov",Smíchov,For Rent,29500,2+kk,44,2025-05-28 15:06:38.130598
69f8edbfa06e,Pronájem bytu 2+kk 70 m²,https://www.sreality.cz//detail/pronajem/byt/2+kk/praha-stodulky-melodicka/346116684,"Melodická, Praha - Stodůlky",Stodůlky,For Rent,22000,2+kk,70,2025-05-28 15:06:38.147613
5f36dd9ad873,Prodej bytu 1+1 41 m²,https://www.sreality.cz//detail/prodej/byt/1+1/praha-lhotka-jilovska/1260741196,"Jílovská, Praha - Lhotka",Lhotka,For Sale,5150000,1+1,41,2025-05-28 15:06:38.165607
a48e6394cff6,Pronájem bytu 1+kk 38 m²,https://www.sreality.cz//detail/pronajem/byt/1+kk/praha-vinohrady-italska/1619272268,"Italská, Praha - Vinohrady",Vinohrady,For Rent,32500,1+kk,38,2025-05-28 15:06:38.185176
e40b7a32ab51,Pronájem bytu 2+kk 50 m²,https://www.sreality.cz//detail/pronajem/byt/2+kk/praha-bubenec-korunovacni/202261068,"Korunovační, Praha - Bubeneč",Bubeneč,For Rent,24000,2+kk,50,2025-05-28 15:06:38.204138
be911f4f7ec3,Pronájem bytu 3+kk 70 m²,https://www.sreality.cz//detail/pronajem/byt/3+kk/praha-holesovice-haskova/4105810764,"Haškova, Praha - Holešovice",Holešovice,For Rent,35000,3+kk,70,2025-05-28 15:06:38.233127
bd90eb5b548a,Pronájem bytu 5+kk 167 m²,https://www.sreality.cz//detail/pronajem/byt/5+kk/praha-mala-strana-vsehrdova/564286028,"Všehrdova, Praha - Malá Strana",Malá Strana,For Rent,99000,5+kk,167,2025-05-28 15:06:38.262138
02718112745c,Pronájem bytu 1+kk 35 m²,https://www.sreality.cz//detail/pronajem/byt/1+kk/praha-michle-nuselska/4028973644,"Nuselská, Praha - Michle",Michle,For Rent,13000,1+kk,35,2025-05-28 15:06:38.279673
5929b2e6ab16,Pronájem bytu 3+1 91 m²,https://www.sreality.cz//detail/pronajem/byt/3+1/praha-vrsovice-volynska/1842299468,"Volyňská, Praha - Vršovice",Vršovice,For Rent,26900,3+1,91,2025-05-28 15:06:38.299433
732659884f8d,Pronájem bytu 4+kk 155 m²,https://www.sreality.cz//detail/pronajem/byt/4+kk/praha-smichov-malatova/677073484,"Malátova, Praha - Smíchov",Smíchov,For Rent,65000,4+kk,155,2025-05-28 15:06:38.317430
fc7453dfaf94,Pronájem bytu 1+kk 39 m²,https://www.sreality.cz//detail/pronajem/byt/1+kk/praha-letnany-pavla-benese/2991538764,"Pavla Beneše, Praha - Letňany",Letňany,For Rent,14500,1+kk,39,2025-05-28 15:06:38.335435
69f8edbfa06e,Pronájem bytu 2+kk 70 m²,https://www.sreality.cz//detail/pronajem/byt/2+kk/praha-stodulky-melodicka/346116684,"Melodická, Praha - Stodůlky",Stodůlky,For Rent,22000,2+kk,70,2025-05-28 15:06:40.476423
5f36dd9ad873,Prodej bytu 1+1 41 m²,https://www.sreality.cz//detail/prodej/byt/1+1/praha-lhotka-jilovska/1260741196,"Jílovská, Praha - Lhotka",Lhotka,For Sale,5150000,1+1,41,2025-05-28 15:06:40.506429
a48e6394cff6,Pronájem bytu 1+kk 38 m²,https://www.sreality.cz//detail/pronajem/byt/1+kk/praha-vinohrady-italska/1619272268,"Italská, Praha - Vinohrady",Vinohrady,For Rent,32500,1+kk,38,2025-05-28 15:06:40.525428
e40b7a32ab51,Pronájem bytu 2+kk 50 m²,https://www.sreality.cz//detail/pronajem/byt/2+kk/praha-bubenec-korunovacni/202261068,"Korunovační, Praha - Bubeneč",Bubeneč,For Rent,24000,2+kk,50,2025-05-28 15:06:40.543577
be911f4f7ec3,Pronájem bytu 3+kk 70 m²,https://www.sreality.cz//detail/pronajem/byt/3+kk/praha-holesovice-haskova/4105810764,"Haškova, Praha - Holešovice",Holešovice,For Rent,35000,3+kk,70,2025-05-28 15:06:40.561
bd90eb5b548a,Pronájem bytu 5+kk 167 m²,https://www.sreality.cz//detail/pronajem/byt/5+kk/praha-mala-strana-vsehrdova/564286028,"Všehrdova, Praha - Malá Strana",Malá Strana,For Rent,99000,5+kk,167,2025-05-28 15:06:40.577737
02718112745c,Pronájem bytu 1+kk 35 m²,https://www.sreality.cz//detail/pronajem/byt/1+kk/praha-michle-nuselska/4028973644,"Nuselská, Praha - Michle",Michle,For Rent,13000,1+kk,35,2025-05-28 15:06:40.596753
5929b2e6ab16,Pronájem bytu 3+1 91 m²,https://www.sreality.cz//detail/pronajem/byt/3+1/praha-vrsovice-volynska/1842299468,"Volyňská, Praha - Vršovice",Vršovice,For Rent,26900,3+1,91,2025-05-28 15:06:40.615753
732659884f8d,Pronájem bytu 4+kk 155 m²,https://www.sreality.cz//detail/pronajem/byt/4+kk/praha-smichov-malatova/677073484,"Malátova, Praha - Smíchov",Smíchov,For Rent,65000,4+kk,155,2025-05-28 15:06:40.632745
fc7453dfaf94,Pronájem bytu 1+kk 39 m²,https://www.sreality.cz//detail/pronajem/byt/1+kk/praha-letnany-pavla-benese/2991538764,"Pavla Beneše, Praha - Letňany",Letňany,For Rent,14500,1+kk,39,2025-05-28 15:06:40.651742
13e0a537f81f,Pronájem bytu 2+kk 57 m²,https://www.sreality.cz//detail/pronajem/byt/2+kk/praha-haje-sochorcova/3602666060,"Sochorcova, Praha - Háje",Háje,For Rent,23500,2+kk,57,2025-05-28 15:06:40.668832
704d755a2e23,Prodej bytu 3+1 73 m²,https://www.sreality.cz//detail/prodej/byt/3+1/praha-vokovice-evropska/838537804,"Evropská, Praha - Vokovice",Vokovice,For Sale,8450000,3+1,73,2025-05-28 15:06:40.686413
ddb40212d9f8,Prodej bytu 2+1 85 m²,https://www.sreality.cz//detail/prodej/byt/2+1/praha-holesovice-veletrzni/1275482700,"Veletržní, Praha - Holešovice",Holešovice,For Sale,13900000,2+1,85,2025-05-28 15:06:40.704417
e6952bcaa01a,Prodej bytu 3+kk 111 m²,https://www.sreality.cz//detail/prodej/byt/3+kk/praha-hostavice-u-hostavickeho-potoka/2034434636,"U Hostavického potoka, Praha - Hostavice",Hostavice,For Sale,11490000,3+kk,111,2025-05-28 15:06:40.725350
dc12c48f6b04,Prodej bytu 2+kk 56 m²,https://www.sreality.cz//detail/prodej/byt/2+kk/praha-cakovice-marie-podvalove/3144409676,"Marie Podvalové, Praha - Čakovice",Čakovice,For Sale,7716206,2+kk,56,2025-05-28 15:06:40.744420
aba20662dfa9,Prodej bytu 4+kk 177 m²,https://www.sreality.cz//detail/prodej/byt/4+kk/praha-praha-sokolova/4154810956,"Sokolova, Praha",,For Sale,45179000,4+kk,177,2025-05-28 15:06:40.761420
ed58cb946d04,Pronájem bytu 2+kk 53 m²,https://www.sreality.cz//detail/pronajem/byt/2+kk/praha-hrdlorezy-ucnovska/2375238220,"Učňovská, Praha - Hrdlořezy",Hrdlořezy,For Rent,25000,2+kk,53,2025-05-28 15:06:40.780166
6aa9c4045cd2,Pronájem bytu 1+kk 43 m²,https://www.sreality.cz//detail/pronajem/byt/1+kk/praha-holesovice-jankovcova/1736331852,"Jankovcova, Praha - Holešovice",Holešovice,For Rent,21000,1+kk,43,2025-05-28 15:06:40.799101
930027dd5455,Pronájem bytu 2+kk 44 m²,https://www.sreality.cz//detail/pronajem/byt/2+kk/praha-horni-mecholupy-na-krecku/636899916,"Na křečku, Praha - Horní Měcholupy",Horní Měcholupy,For Rent,19000,2+kk,44,2025-05-28 15:06:40.817164
fd3a863f0740,Prodej bytu 4+kk 77 m²,https://www.sreality.cz//detail/prodej/byt/4+kk/praha-praha-9-/3631997516,Praha - Praha 9,Praha 9,For Sale,12879339,4+kk,77,2025-05-28 15:06:40.837100
68ffbffec7b1,Pronájem bytu 3+kk 77 m²,https://www.sreality.cz//detail/pronajem/byt/3+kk/praha-nove-mesto-vaclavske-namesti/1588179788,"Václavské náměstí, Praha - Nové Město",Nové Město,For Rent,36900,3+kk,77,2025-05-28 15:06:40.856100
56f7540d8925,Prodej bytu 4+kk 111 m²,https://www.sreality.cz//detail/prodej/byt/4+kk/praha-bohnice-lodzska/1461708108,"Lodžská, Praha - Bohnice",Bohnice,For Sale,14790246,4+kk,111,2025-05-28 15:06:42.985204
5717775ef4d5,Prodej bytu 4+kk 102 m²,https://www.sreality.cz//detail/prodej/byt/4+kk/praha-radotin-namesti-osvoboditelu/3579434316,"náměstí Osvoboditelů, Praha - Radotín",Radotín,For Sale,17146684,4+kk,102,2025-05-28 15:06:43.005203
255427f3d2df,Prodej bytu 3+kk 120 m²,https://www.sreality.cz//detail/prodej/byt/3+kk/praha-stodulky-raichlova/1256874572,"Raichlova, Praha - Stodůlky",Stodůlky,For Sale,16800000,3+kk,120,2025-05-28 15:06:43.024919
d42902cf2b6a,Prodej bytu 4+1 89 m²,https://www.sreality.cz//detail/prodej/byt/4+1/praha-hloubetin-rochovska/1296761420,"Rochovská, Praha - Hloubětín",Hloubětín,For Sale,9637590,4+1,89,2025-05-28 15:06:43.043877
f03122f17bc4,Prodej bytu 3+1 75 m²,https://www.sreality.cz//detail/prodej/byt/3+1/praha-krc-budejovicka/5837388,"Budějovická, Praha - Krč",Krč,For Sale,10640000,3+1,75,2025-05-28 15:06:43.060924
709c339b41f7,Prodej bytu 1+kk 40 m²,https://www.sreality.cz//detail/prodej/byt/1+kk/praha-horni-mecholupy-bolonska/3763929676,"Boloňská, Praha - Horní Měcholupy",Horní Měcholupy,For Sale,5999000,1+kk,40,2025-05-28 15:06:43.080536
2fc6ac877c8d,Prodej bytu 1+kk 31 m²,https://www.sreality.cz//detail/prodej/byt/1+kk/praha-holesovice-u-papirny/4178932300,"U papírny, Praha - Holešovice",Holešovice,For Sale,6552000,1+kk,31,2025-05-28 15:06:43.100549
6e0f58d8d0ed,Prodej bytu 2+kk 54 m²,https://www.sreality.cz//detail/prodej/byt/2+kk/praha-kamyk-vosatkova/4109566540,"Vosátkova, Praha - Kamýk",Kamýk,For Sale,8428659,2+kk,54,2025-05-28 15:06:43.118686
e74133df93c5,Prodej bytu 3+kk 88 m²,https://www.sreality.cz//detail/prodej/byt/3+kk/praha-holesovice-jankovcova/4229673804,"Jankovcova, Praha - Holešovice",Holešovice,For Sale,16008979,3+kk,88,2025-05-28 15:06:43.137576
929f4c9ee0c2,Prodej bytu 4+kk 90 m²,https://www.sreality.cz//detail/prodej/byt/4+kk/praha-karlin-libensky-ostrov/3735044684,"Libeňský ostrov, Praha - Karlín",Karlín,For Sale,24281630,4+kk,90,2025-05-28 15:06:43.156608
0a93e98fa5ad,Prodej bytu 3+kk 74 m²,https://www.sreality.cz//detail/prodej/byt/3+kk/praha-modrany-mezi-vodami/1590772300,"Mezi Vodami, Praha - Modřany",Modřany,For Sale,9772000,3+kk,74,2025-05-28 15:06:43.176619
a7f6aa3a04aa,Prodej bytu 1+kk 34 m²,https://www.sreality.cz//detail/prodej/byt/1+kk/praha-kamyk-vosatkova/581132876,"Vosátkova, Praha - Kamýk",Kamýk,For Sale,6133658,1+kk,34,2025-05-28 15:06:43.195249
6e5f93ae0606,Pronájem bytu pokoje 11 m²,https://www.sreality.cz//detail/pronajem/byt/pokoj/praha-strasnice-cernokostelecka/455565900,"Černokostelecká, Praha - Strašnice",Strašnice,For Rent,12800,Pronájem,11,2025-05-28 15:06:43.214209
5608bb8ea344,Prodej bytu 1+kk 29 m²,https://www.sreality.cz//detail/prodej/byt/1+kk/praha-strizkov-decinska/584598092,"Děčínská, Praha - Střížkov",Střížkov,For Sale,4200000,1+kk,29,2025-05-28 15:06:43.232265
1d9ae4301e19,Prodej bytu 2+kk 82 m²,https://www.sreality.cz//detail/prodej/byt/2+kk/praha-zizkov-u-rajske-zahrady/929068108,"U Rajské zahrady, Praha - Žižkov",Žižkov,For Sale,16900000,2+kk,82,2025-05-28 15:06:43.250241
81f0c371faec,Prodej bytu 3+kk 75 m²,https://www.sreality.cz//detail/prodej/byt/3+kk/praha-brevnov-belohorska/3057939020,"Bělohorská, Praha - Břevnov",Břevnov,For Sale,9990000,3+kk,75,2025-05-28 15:06:43.269286
750e270afeea,Prodej bytu 1+kk 38 m²,https://www.sreality.cz//detail/prodej/byt/1+kk/praha-vysocany-stridava/3450450764,"Střídavá, Praha - Vysočany",Vysočany,For Sale,5490000,1+kk,38,2025-05-28 15:06:43.288937
3bf4830636b3,Pronájem bytu 2+kk 45 m²,https://www.sreality.cz//detail/pronajem/byt/2+kk/praha-smichov-graficka/2885636684,"Grafická, Praha - Smíchov",Smíchov,For Rent,25000,2+kk,45,2025-05-28 15:06:43.306967
d0b0349be478,Pronájem bytu 1+kk 26 m²,https://www.sreality.cz//detail/pronajem/byt/1+kk/praha-nusle-jaromirova/3466678860,"Jaromírova, Praha - Nusle",Nusle,For Rent,19000,1+kk,26,2025-05-28 15:06:43.325964
e07d982cba4d,Pronájem bytu 3+kk 76 m²,https://www.sreality.cz//detail/pronajem/byt/3+kk/praha-smichov-nad-laurovou/3634905676,"Nad Laurovou, Praha - Smíchov",Smíchov,For Rent,38000,3+kk,76,2025-05-28 15:06:43.343992
25d9d1d9ba95,SLEVA: Pronájem bytu 3+kk 96 m²,https://www.sreality.cz//detail/pronajem/byt/3+kk/praha-holesovice-sanderova/2995089996,"Sanderova, Praha - Holešovice",Holešovice,For Rent,49900,3+kk,96,2025-05-28 15:06:43.362083
54944da79a93,Pronájem bytu 2+kk 68 m²,https://www.sreality.cz//detail/pronajem/byt/2+kk/praha-hrdlorezy-nad-smetankou/1229341260,"Nad Smetankou, Praha - Hrdlořezy",Hrdlořezy,For Rent,25800,2+kk,68,2025-05-28 15:06:43.380160
0a93e98fa5ad,Prodej bytu 3+kk 74 m²,https://www.sreality.cz//detail/prodej/byt/3+kk/praha-modrany-mezi-vodami/1590772300,"Mezi Vodami, Praha - Modřany",Modřany,For Sale,9772000,3+kk,74,2025-05-28 15:06:45.510261
a7f6aa3a04aa,Prodej bytu 1+kk 34 m²,https://www.sreality.cz//detail/prodej/byt/1+kk/praha-kamyk-vosatkova/581132876,"Vosátkova, Praha - Kamýk",Kamýk,For Sale,6133658,1+kk,34,2025-05-28 15:06:45.528285
6e5f93ae0606,Pronájem bytu pokoje 11 m²,https://www.sreality.cz//detail/pronajem/byt/pokoj/praha-strasnice-cernokostelecka/455565900,"Černokostelecká, Praha - Strašnice",Strašnice,For Rent,12800,Pronájem,11,2025-05-28 15:06:45.547285
5608bb8ea344,Prodej bytu 1+kk 29 m²,https://www.sreality.cz//detail/prodej/byt/1+kk/praha-strizkov-decinska/584598092,"Děčínská, Praha - Střížkov",Střížkov,For Sale,4200000,1+kk,29,2025-05-28 15:06:45.566284
1d9ae4301e19,Prodej bytu 2+kk 82 m²,https://www.sreality.cz//detail/prodej/byt/2+kk/praha-zizkov-u-rajske-zahrady/929068108,"U Rajské zahrady, Praha - Žižkov",Žižkov,For Sale,16900000,2+kk,82,2025-05-28 15:06:45.584805
81f0c371faec,Prodej bytu 3+kk 75 m²,https://www.sreality.cz//detail/prodej/byt/3+kk/praha-brevnov-belohorska/3057939020,"Bělohorská, Praha - Břevnov",Břevnov,For Sale,9990000,3+kk,75,2025-05-28 15:06:45.604805
750e270afeea,Prodej bytu 1+kk 38 m²,https://www.sreality.cz//detail/prodej/byt/1+kk/praha-vysocany-stridava/3450450764,"Střídavá, Praha - Vysočany",Vysočany,For Sale,5490000,1+kk,38,2025-05-28 15:06:45.624804
3bf4830636b3,Pronájem bytu 2+kk 45 m²,https://www.sreality.cz//detail/pronajem/byt/2+kk/praha-smichov-graficka/2885636684,"Grafická, Praha - Smíchov",Smíchov,For Rent,25000,2+kk,45,2025-05-28 15:06:45.642804
d0b0349be478,Pronájem bytu 1+kk 26 m²,https://www.sreality.cz//detail/pronajem/byt/1+kk/praha-nusle-jaromirova/3466678860,"Jaromírova, Praha - Nusle",Nusle,For Rent,19000,1+kk,26,2025-05-28 15:06:45.660930
e07d982cba4d,Pronájem bytu 3+kk 76 m²,https://www.sreality.cz//detail/pronajem/byt/3+kk/praha-smichov-nad-laurovou/3634905676,"Nad Laurovou, Praha - Smíchov",Smíchov,For Rent,38000,3+kk,76,2025-05-28 15:06:45.678982
25d9d1d9ba95,SLEVA: Pronájem bytu 3+kk 96 m²,https://www.sreality.cz//detail/pronajem/byt/3+kk/praha-holesovice-sanderova/2995089996,"Sanderova, Praha - Holešovice",Holešovice,For Rent,49900,3+kk,96,2025-05-28 15:06:45.698519
54944da79a93,Pronájem bytu 2+kk 68 m²,https://www.sreality.cz//detail/pronajem/byt/2+kk/praha-hrdlorezy-nad-smetankou/1229341260,"Nad Smetankou, Praha - Hrdlořezy",Hrdlořezy,For Rent,25800,2+kk,68,2025-05-28 15:06:45.715554
87cefff1a930,Prodej bytu 3+1 84 m²,https://www.sreality.cz//detail/prodej/byt/3+1/praha-chodov-kloboukova/2690519628,"Kloboukova, Praha - Chodov",Chodov,For Sale,8000000,3+1,84,2025-05-28 15:06:45.733484
3d9b4c79f351,Pronájem bytu 3+1 90 m²,https://www.sreality.cz//detail/pronajem/byt/3+1/praha-vinohrady-manesova/579289676,"Mánesova, Praha - Vinohrady",Vinohrady,For Rent,33000,3+1,90,2025-05-28 15:06:45.752552
d1dd468f0ae8,Prodej bytu 2+kk 44 m²,https://www.sreality.cz//detail/prodej/byt/2+kk/praha-lochkov-u-sladovny/2477486668,"U sladovny, Praha - Lochkov",Lochkov,For Sale,6950000,2+kk,44,2025-05-28 15:06:45.770640
ac21755df63a,SLEVA: Prodej bytu 1+1 42 m²,https://www.sreality.cz//detail/prodej/byt/1+1/praha-kosire-plzenska/4071572044,"Plzeňská, Praha - Košíře",Košíře,For Sale,4990000,1+1,42,2025-05-28 15:06:45.788305
62e09a926241,Prodej bytu 3+1 122 m²,https://www.sreality.cz//detail/prodej/byt/3+1/praha-liben-u-posty/262042188,"U pošty, Praha - Libeň",Libeň,For Sale,16100000,3+1,122,2025-05-28 15:06:45.809323
8c3afd0bbb1b,Prodej bytu 2+kk 69 m²,https://www.sreality.cz//detail/prodej/byt/2+kk/praha-modrany-ceskoslovenskeho-exilu/2265850444,"Československého exilu, Praha - Modřany",Modřany,For Sale,10511000,2+kk,69,2025-05-28 15:06:45.826275
55bd1ada89a2,Pronájem bytu 2+kk 52 m²,https://www.sreality.cz//detail/pronajem/byt/2+kk/praha-uhrineves-oty-bubenicka/2996322892,"Oty Bubeníčka, Praha - Uhříněves",Uhříněves,For Rent,20300,2+kk,52,2025-05-28 15:06:45.845238
0bdd0a945637,Pronájem bytu 2+kk 59 m²,https://www.sreality.cz//detail/pronajem/byt/2+kk/praha-vysocany-sousedikova/2902811212,"Sousedíkova, Praha - Vysočany",Vysočany,For Rent,25000,2+kk,59,2025-05-28 15:06:45.864306
e679cf20a539,Pronájem bytu 3+1 72 m²,https://www.sreality.cz//detail/pronajem/byt/3+1/praha-nove-mesto-stepanska/1926890060,"Štěpánská, Praha - Nové Město",Nové Město,For Rent,39990,3+1,72,2025-05-28 15:06:45.882350
c8a2f8e14e95,Prodej bytu 3+1 82 m²,https://www.sreality.cz//detail/prodej/byt/3+1/praha-kosire-jinonicka/1493914188,"Jinonická, Praha - Košíře",Košíře,For Sale,10900000,3+1,82,2025-05-28 15:06:48.028239
df6d332160bf,Prodej bytu 1+1 37 m²,https://www.sreality.cz//detail/prodej/byt/1+1/praha-zizkov-pod-lipami/128561996,"Pod Lipami, Praha - Žižkov",Žižkov,For Sale,4990000,1+1,37,2025-05-28 15:06:48.050321
d273effd8a4a,Pronájem bytu 3+1 75 m²,https://www.sreality.cz//detail/pronajem/byt/3+1/praha-bohnice-bukolska/1470739276,"Bukolská, Praha - Bohnice",Bohnice,For Rent,22000,3+1,75,2025-05-28 15:06:48.068307
8b9f84b4fe32,Pronájem bytu 2+kk 52 m²,https://www.sreality.cz//detail/pronajem/byt/2+kk/praha-nove-mesto-vaclavske-namesti/3567891276,"Václavské náměstí, Praha - Nové Město",Nové Město,For Rent,27900,2+kk,52,2025-05-28 15:06:48.087830
1a9e7767f5fe,Pronájem bytu 1+kk 33 m²,https://www.sreality.cz//detail/pronajem/byt/1+kk/praha-libus-na-domovine/3841278540,"Na domovině, Praha - Libuš",Libuš,For Rent,16200,1+kk,33,2025-05-28 15:06:48.105862
190767d15422,Prodej bytu 3+kk 68 m²,https://www.sreality.cz//detail/prodej/byt/3+kk/praha-satalice-za-novakovou-zahradou/1372799564,"Za Novákovou zahradou, Praha - Satalice",Satalice,For Sale,10499508,3+kk,68,2025-05-28 15:06:48.123863
0078070fc0bb,Pronájem bytu 3+1 85 m²,https://www.sreality.cz//detail/pronajem/byt/3+1/praha-hostivar-miranova/3853103948,"Miranova, Praha - Hostivař",Hostivař,For Rent,23500,3+1,85,2025-05-28 15:06:48.141861
2ebe6c2683df,Prodej bytu 3+kk 117 m²,https://www.sreality.cz//detail/prodej/byt/3+kk/praha-krc-nad-rysankou/1965367884,"Nad Ryšánkou, Praha - Krč",Krč,For Sale,19950000,3+kk,117,2025-05-28 15:06:48.161842
dad0a5c59fe4,Prodej bytu 4+kk 95 m²,https://www.sreality.cz//detail/prodej/byt/4+kk/praha-vrsovice-moskevska/3726864972,"Moskevská, Praha - Vršovice",Vršovice,For Sale,15950000,4+kk,95,2025-05-28 15:06:48.179874
b90634b2af32,Pronájem bytu 2+kk 50 m²,https://www.sreality.cz//detail/pronajem/byt/2+kk/praha-nove-mesto-dittrichova/1524216652,"Dittrichova, Praha - Nové Město",Nové Město,For Rent,20999,2+kk,50,2025-05-28 15:06:48.199458
ab714c3d7f4f,Prodej bytu 2+kk 46 m²,https://www.sreality.cz//detail/prodej/byt/2+kk/praha-vrsovice-28-pluku/1719796300,"28. pluku, Praha - Vršovice",Vršovice,For Sale,7999000,2+kk,46,2025-05-28 15:06:48.218383
8d4803082a9d,Pronájem bytu 1+kk 54 m²,https://www.sreality.cz//detail/pronajem/byt/1+kk/praha-zizkov-olgy-havlove/3369144908,"Olgy Havlové, Praha - Žižkov",Žižkov,For Rent,17490,1+kk,54,2025-05-28 15:06:48.238451
3b4f4d2750c3,Pronájem bytu 3+kk 56 m²,https://www.sreality.cz//detail/pronajem/byt/3+kk/praha-kobylisy-cimicka/1637028428,"Čimická, Praha - Kobylisy",Kobylisy,For Rent,17990,3+kk,56,2025-05-28 15:06:48.258956
0d135666d1e8,Pronájem bytu 3+1 73 m²,https://www.sreality.cz//detail/pronajem/byt/3+1/praha-zizkov-kriva/4193915468,"Křivá, Praha - Žižkov",Žižkov,For Rent,21490,3+1,73,2025-05-28 15:06:48.276979
75b30ef3a3eb,Prodej bytu 3+kk 82 m²,https://www.sreality.cz//detail/prodej/byt/3+kk/praha-hrdlorezy-horni-hrdlorezska/20587084,"Horní Hrdlořezská, Praha - Hrdlořezy",Hrdlořezy,For Sale,11990000,3+kk,82,2025-05-28 15:06:48.296150
54fd4cf03c77,Pronájem bytu 3+kk 68 m²,https://www.sreality.cz//detail/pronajem/byt/3+kk/praha-letnany-malkovskeho/2844602956,"Malkovského, Praha - Letňany",Letňany,For Rent,23990,3+kk,68,2025-05-28 15:06:48.314150
84d183c923e0,Pronájem bytu 2+1 67 m²,https://www.sreality.cz//detail/pronajem/byt/2+1/praha-kamyk-olbramovicka/2266301004,"Olbramovická, Praha - Kamýk",Kamýk,For Rent,21990,2+1,67,2025-05-28 15:06:48.332148
79189447a159,Pronájem bytu 2+kk 45 m²,https://www.sreality.cz//detail/pronajem/byt/2+kk/praha-holesovice-u-stare-plynarny/455410252,"U Staré plynárny, Praha - Holešovice",Holešovice,For Rent,17990,2+kk,45,2025-05-28 15:06:48.350146
be85fbc94c5d,Pronájem bytu 2+kk 41 m²,https://www.sreality.cz//detail/pronajem/byt/2+kk/praha-podoli-na-dolinach/3412460108,"Na Dolinách, Praha - Podolí",Podolí,For Rent,17490,2+kk,41,2025-05-28 15:06:48.370146
c25a90e26bdf,Pronájem bytu 2+kk 53 m²,https://www.sreality.cz//detail/pronajem/byt/2+kk/praha-uhrineves-frantiska-divise/2623930956,"Františka Diviše, Praha - Uhříněves",Uhříněves,For Rent,20490,2+kk,53,2025-05-28 15:06:48.391936
32d8c67fd5d0,Prodej bytu 1+kk 26 m²,https://www.sreality.cz//detail/prodej/byt/1+kk/praha-vysocany-jana-pribika/1960575564,"Jana Přibíka, Praha - Vysočany",Vysočany,For Sale,5500000,1+kk,26,2025-05-28 15:06:48.408981
3930fc92865e,SLEVA: Pronájem bytu 3+kk 70 m²,https://www.sreality.cz//detail/pronajem/byt/3+kk/praha-zabehlice-na-chodovci/1061577292,"Na Chodovci, Praha - Záběhlice",Záběhlice,For Rent,21490,3+kk,70,2025-05-28 15:06:50.538375
5191be9a5e37,Pronájem bytu 2+kk 46 m²,https://www.sreality.cz//detail/pronajem/byt/2+kk/praha-hlubocepy-baarove/542270028,"Baarové, Praha - Hlubočepy",Hlubočepy,For Rent,19490,2+kk,46,2025-05-28 15:06:50.557376
8302e5e0007a,Pronájem bytu 1+kk 30 m²,https://www.sreality.cz//detail/pronajem/byt/1+kk/praha-kyje-lipnicka/659710540,"Lipnická, Praha - Kyje",Kyje,For Rent,12990,1+kk,30,2025-05-28 15:06:50.576418
0463110cc2aa,Pronájem bytu 3+kk 73 m²,https://www.sreality.cz//detail/pronajem/byt/3+kk/praha-horni-mecholupy-nad-prehradou/2923586124,"Nad přehradou, Praha - Horní Měcholupy",Horní Měcholupy,For Rent,23990,3+kk,73,2025-05-28 15:06:50.593999
d5bc080acefe,Pronájem bytu 1+kk 39 m²,https://www.sreality.cz//detail/pronajem/byt/1+kk/praha-hloubetin-podebradska/1014129228,"Poděbradská, Praha - Hloubětín",Hloubětín,For Rent,19990,1+kk,39,2025-05-28 15:06:50.613007
00ab3a60a830,Pronájem bytu 2+kk 54 m²,https://www.sreality.cz//detail/pronajem/byt/2+kk/praha-nove-mesto-navratilova/979591756,"Navrátilova, Praha - Nové Město",Nové Město,For Rent,20990,2+kk,54,2025-05-28 15:06:50.632
98aa483ab1a2,Pronájem bytu 1+kk 16 m²,https://www.sreality.cz//detail/pronajem/byt/1+kk/praha-stresovice-parlerova/2774753868,"Parléřova, Praha - Střešovice",Střešovice,For Rent,11990,1+kk,16,2025-05-28 15:06:50.650005
991e80e9a263,Pronájem bytu 2+kk 52 m²,https://www.sreality.cz//detail/pronajem/byt/2+kk/praha-suchdol-vyjezdni/965567052,"Výjezdní, Praha - Suchdol",Suchdol,For Rent,16990,2+kk,52,2025-05-28 15:06:50.668002
d172d922c0c8,Pronájem bytu 3+kk 55 m²,https://www.sreality.cz//detail/pronajem/byt/3+kk/praha-vysocany-za-lidovym-domem/3132056140,"Za Lidovým domem, Praha - Vysočany",Vysočany,For Rent,22990,3+kk,55,2025-05-28 15:06:50.687
925268c97d59,Pronájem bytu 1+kk 32 m²,https://www.sreality.cz//detail/pronajem/byt/1+kk/praha-zizkov-ondrickova/3201262156,"Ondříčkova, Praha - Žižkov",Žižkov,For Rent,19990,1+kk,32,2025-05-28 15:06:50.707170
f6456b19af44,Pronájem bytu 1+kk 33 m²,https://www.sreality.cz//detail/pronajem/byt/1+kk/praha-vysocany-freyova/3030934092,"Freyova, Praha - Vysočany",Vysočany,For Rent,16490,1+kk,33,2025-05-28 15:06:50.725152
d0069eb0e91f,Pronájem bytu 2+kk 58 m²,https://www.sreality.cz//detail/pronajem/byt/2+kk/praha-letnany-tupolevova/1809343052,"Tupolevova, Praha - Letňany",Letňany,For Rent,23490,2+kk,58,2025-05-28 15:06:50.743156
0d1d1f685186,Pronájem bytu 3+kk 88 m²,https://www.sreality.cz//detail/pronajem/byt/3+kk/praha-stodulky-kurzova/1960337996,"Kurzova, Praha - Stodůlky",Stodůlky,For Rent,24490,3+kk,88,2025-05-28 15:06:50.761125
3ec05cb9320f,Pronájem bytu 3+kk 94 m²,https://www.sreality.cz//detail/pronajem/byt/3+kk/praha-zizkov-fibichova/3486016076,"Fibichova, Praha - Žižkov",Žižkov,For Rent,33990,3+kk,94,2025-05-28 15:06:50.780231
47f36806c3bb,Pronájem bytu 2+kk 50 m²,https://www.sreality.cz//detail/pronajem/byt/2+kk/praha-zizkov-biskupcova/3659031116,"Biskupcova, Praha - Žižkov",Žižkov,For Rent,20990,2+kk,50,2025-05-28 15:06:50.798828
c05f3548e04f,Pronájem bytu 2+kk 60 m²,https://www.sreality.cz//detail/pronajem/byt/2+kk/praha-letnany-standerova/1675190860,"Štanderova, Praha - Letňany",Letňany,For Rent,23990,2+kk,60,2025-05-28 15:06:50.816841
24920707a6e0,Pronájem bytu 4+kk 84 m²,https://www.sreality.cz//detail/pronajem/byt/4+kk/praha-liben-na-okrouhliku/2245616204,"Na Okrouhlíku, Praha - Libeň",Libeň,For Rent,24990,4+kk,84,2025-05-28 15:06:50.835826
8bbd5c685396,Pronájem bytu 3+1 76 m²,https://www.sreality.cz//detail/pronajem/byt/3+1/praha-cerny-most-dolezalova/3443155532,"Doležalova, Praha - Černý Most",Černý Most,For Rent,19990,3+1,76,2025-05-28 15:06:50.853826
32e6b2fc941a,Pronájem bytu 2+kk 43 m²,https://www.sreality.cz//detail/pronajem/byt/2+kk/praha-stodulky-modra/926573132,"Modrá, Praha - Stodůlky",Stodůlky,For Rent,17490,2+kk,43,2025-05-28 15:06:50.872826
515463881b00,Pronájem bytu 2+kk 66 m²,https://www.sreality.cz//detail/pronajem/byt/2+kk/praha-jinonice-walterovo-namesti/1880519244,"Walterovo náměstí, Praha - Jinonice",Jinonice,For Rent,27490,2+kk,66,2025-05-28 15:06:50.894380
11ac02118ae3,Pronájem bytu 1+kk 35 m²,https://www.sreality.cz//detail/pronajem/byt/1+kk/praha-hloubetin-podebradska/307327564,"Poděbradská, Praha - Hloubětín",Hloubětín,For Rent,19990,1+kk,35,2025-05-28 15:06:50.912477
6d5221cc34d3,Pronájem bytu 1+kk 36 m²,https://www.sreality.cz//detail/pronajem/byt/1+kk/praha-hloubetin-podebradska/642871884,"Poděbradská, Praha - Hloubětín",Hloubětín,For Rent,19990,1+kk,36,2025-05-28 15:06:50.930450
991e80e9a263,Pronájem bytu 2+kk 52 m²,https://www.sreality.cz//detail/pronajem/byt/2+kk/praha-suchdol-vyjezdni/965567052,"Výjezdní, Praha - Suchdol",Suchdol,For Rent,16990,2+kk,52,2025-05-28 15:06:53.053974
d172d922c0c8,Pronájem bytu 3+kk 55 m²,https://www.sreality.cz//detail/pronajem/byt/3+kk/praha-vysocany-za-lidovym-domem/3132056140,"Za Lidovým domem, Praha - Vysočany",Vysočany,For Rent,22990,3+kk,55,2025-05-28 15:06:53.074582
925268c97d59,Pronájem bytu 1+kk 32 m²,https://www.sreality.cz//detail/pronajem/byt/1+kk/praha-zizkov-ondrickova/3201262156,"Ondříčkova, Praha - Žižkov",Žižkov,For Rent,19990,1+kk,32,2025-05-28 15:06:53.095101
f6456b19af44,Pronájem bytu 1+kk 33 m²,https://www.sreality.cz//detail/pronajem/byt/1+kk/praha-vysocany-freyova/3030934092,"Freyova, Praha - Vysočany",Vysočany,For Rent,16490,1+kk,33,2025-05-28 15:06:53.114092
d0069eb0e91f,Pronájem bytu 2+kk 58 m²,https://www.sreality.cz//detail/pronajem/byt/2+kk/praha-letnany-tupolevova/1809343052,"Tupolevova, Praha - Letňany",Letňany,For Rent,23490,2+kk,58,2025-05-28 15:06:53.138093
0d1d1f685186,Pronájem bytu 3+kk 88 m²,https://www.sreality.cz//detail/pronajem/byt/3+kk/praha-stodulky-kurzova/1960337996,"Kurzova, Praha - Stodůlky",Stodůlky,For Rent,24490,3+kk,88,2025-05-28 15:06:53.172092
3ec05cb9320f,Pronájem bytu 3+kk 94 m²,https://www.sreality.cz//detail/pronajem/byt/3+kk/praha-zizkov-fibichova/3486016076,"Fibichova, Praha - Žižkov",Žižkov,For Rent,33990,3+kk,94,2025-05-28 15:06:53.194007
47f36806c3bb,Pronájem bytu 2+kk 50 m²,https://www.sreality.cz//detail/pronajem/byt/2+kk/praha-zizkov-biskupcova/3659031116,"Biskupcova, Praha - Žižkov",Žižkov,For Rent,20990,2+kk,50,2025-05-28 15:06:53.210007
c05f3548e04f,Pronájem bytu 2+kk 60 m²,https://www.sreality.cz//detail/pronajem/byt/2+kk/praha-letnany-standerova/1675190860,"Štanderova, Praha - Letňany",Letňany,For Rent,23990,2+kk,60,2025-05-28 15:06:53.230007
24920707a6e0,Pronájem bytu 4+kk 84 m²,https://www.sreality.cz//detail/pronajem/byt/4+kk/praha-liben-na-okrouhliku/2245616204,"Na Okrouhlíku, Praha - Libeň",Libeň,For Rent,24990,4+kk,84,2025-05-28 15:06:53.247006
8bbd5c685396,Pronájem bytu 3+1 76 m²,https://www.sreality.cz//detail/pronajem/byt/3+1/praha-cerny-most-dolezalova/3443155532,"Doležalova, Praha - Černý Most",Černý Most,For Rent,19990,3+1,76,2025-05-28 15:06:53.265007
32e6b2fc941a,Pronájem bytu 2+kk 43 m²,https://www.sreality.cz//detail/pronajem/byt/2+kk/praha-stodulky-modra/926573132,"Modrá, Praha - Stodůlky",Stodůlky,For Rent,17490,2+kk,43,2025-05-28 15:06:53.284009
515463881b00,Pronájem bytu 2+kk 66 m²,https://www.sreality.cz//detail/pronajem/byt/2+kk/praha-jinonice-walterovo-namesti/1880519244,"Walterovo náměstí, Praha - Jinonice",Jinonice,For Rent,27490,2+kk,66,2025-05-28 15:06:53.302065
11ac02118ae3,Pronájem bytu 1+kk 35 m²,https://www.sreality.cz//detail/pronajem/byt/1+kk/praha-hloubetin-podebradska/307327564,"Poděbradská, Praha - Hloubětín",Hloubětín,For Rent,19990,1+kk,35,2025-05-28 15:06:53.321073
6d5221cc34d3,Pronájem bytu 1+kk 36 m²,https://www.sreality.cz//detail/pronajem/byt/1+kk/praha-hloubetin-podebradska/642871884,"Poděbradská, Praha - Hloubětín",Hloubětín,For Rent,19990,1+kk,36,2025-05-28 15:06:53.340066
dff6086c6916,Pronájem bytu 2+kk 65 m²,https://www.sreality.cz//detail/pronajem/byt/2+kk/praha-dejvice-pod-juliskou/2298704460,"Pod Juliskou, Praha - Dejvice",Dejvice,For Rent,29490,2+kk,65,2025-05-28 15:06:53.360851
1e240b5ce297,Prodej bytu 2+kk 52 m²,https://www.sreality.cz//detail/prodej/byt/2+kk/praha-stodulky-raichlova/2570285644,"Raichlova, Praha - Stodůlky",Stodůlky,For Sale,8290000,2+kk,52,2025-05-28 15:06:53.379855
ce343dfc2a5c,Pronájem bytu 3+kk 73 m²,https://www.sreality.cz//detail/pronajem/byt/3+kk/praha-repy-nevanova/4104090188,"Nevanova, Praha - Řepy",Řepy,For Rent,22990,3+kk,73,2025-05-28 15:06:53.397461
e1d7c32a4e99,Pronájem bytu 3+1 69 m²,https://www.sreality.cz//detail/pronajem/byt/3+1/praha-zabehlice-zvonkova/145715788,"Zvonková, Praha - Záběhlice",Záběhlice,For Rent,20990,3+1,69,2025-05-28 15:06:53.416404
4098ec0246ae,Pronájem bytu 2+kk 52 m²,https://www.sreality.cz//detail/pronajem/byt/2+kk/praha-brevnov-santrochova/2937025100,"Šantrochova, Praha - Břevnov",Břevnov,For Rent,17990,2+kk,52,2025-05-28 15:06:53.435363
da6f9e44fee4,Pronájem bytu 2+kk 46 m²,https://www.sreality.cz//detail/pronajem/byt/2+kk/praha-kosire-mahenova/1416262220,"Mahenova, Praha - Košíře",Košíře,For Rent,16990,2+kk,46,2025-05-28 15:06:53.453434
